Household_ID,Age_Group,Ethnicity,Income_Source,Family_Type,Visit_Frequency,Household_Size,Parcel_Size,Referred_to_Service,Date_Assigned,Service_Type
1001,35-49,Māori ,Govt Support,Single Male,3 to 6,8,16,None,10/10/2024,No Referral
1002,35-49,Māori ,Govt Support,Single Male,3 to 6,3,6,None,23/10/2024,No Referral
1003,50-64,Other,Personal/Private,Partners with Children,7 to 12,2,4,Financial Mentoring,4/12/2024,Financial Mentoring
1004,35-49,NZ European,Govt Support,Female and Children,1 to 2,10,20,None,14/03/2025,No Referral
1005,35-49,Māori ,Govt Support,Single Male,3 to 6,1,2,Financial Mentoring,10/10/2024,Financial Mentoring
1006,35-49,Māori ,Govt Support,Single Female,3 to 6,8,16,Financial Mentoring,3/01/2025,Financial Mentoring
1007,19-34,NZ European,Govt Support,Female and Children,1 to 2,4,8,Financial Mentoring,14/11/2024,Financial Mentoring
1008,35-49,Māori ,Govt Support,Single Male,3 to 6,7,14,Financial Mentoring,7/03/2025,Financial Mentoring
1009,35-49,Māori ,Govt Support,Single Male,3 to 6,6,12,Financial Mentoring,6/02/2025,Financial Mentoring
1010,19-34,NZ European,Govt Support,Female and Children,1 to 2,3,6,None,3/02/2025,No Referral
1011,65+,Other,Personal/Private,Male and Children,13 to 24,5,10,None,4/03/2025,No Referral
1012,50-64,Other,Personal/Private,Partners with Children,7 to 12,3,6,None,14/02/2025,No Referral
1013,50-64,Other,Personal/Private,Partners with Children,7 to 12,2,4,Financial Mentoring,22/02/2025,Financial Mentoring
1014,50-64,East Asian,No Income,Partners with Children,7 to 12,1,2,None,2/03/2025,No Referral
1015,19-34,NZ European,Govt Support,Female and Children,1 to 2,8,16,None,17/10/2024,No Referral
1016,35-49,Māori ,Govt Support,Single Male,3 to 6,8,16,Financial Mentoring,14/12/2024,Financial Mentoring
1017,19-34,NZ European,Govt Support,Female and Children,1 to 2,5,10,None,10/12/2024,No Referral
1018,19-34,NZ European,Govt Support,Female and Children,1 to 2,7,14,None,10/01/2025,No Referral
1019,50-64,Pasifika,Govt Support,Single Female,3 to 6,4,8,None,18/01/2025,No Referral
1020,35-49,Māori ,Govt Support,Single Female,3 to 6,4,8,Financial Mentoring,6/02/2025,Financial Mentoring
1021,35-49,Māori ,Govt Support,Single Male,3 to 6,3,6,None,14/10/2024,No Referral
1022,19-34,NZ European,Govt Support,Female and Children,1 to 2,4,8,None,2/11/2024,No Referral
1023,19-34,NZ European,Govt Support,Female and Children,1 to 2,5,10,Financial Mentoring,6/02/2025,Financial Mentoring
1024,19-34,NZ European,Govt Support,Female and Children,1 to 2,4,8,None,26/12/2024,No Referral
1025,65+,Other,Personal/Private,Male and Children,13 to 24,2,4,Financial Mentoring,25/01/2025,Financial Mentoring
1026,35-49,NZ European,Govt Support,Female and Children,1 to 2,3,6,Financial Mentoring,26/12/2024,Financial Mentoring
1027,50-64,East Asian,No Income,Partners with Children,7 to 12,3,6,None,19/11/2024,No Referral
1028,19-34,NZ European,Govt Support,Female and Children,1 to 2,1,2,None,18/01/2025,No Referral
1029,50-64,Pasifika,Govt Support,Single Female,3 to 6,8,16,None,14/03/2025,No Referral
1030,50-64,East Asian,No Income,Partners with Children,7 to 12,9,18,Financial Mentoring,4/11/2024,Financial Mentoring
1031,19-34,NZ European,Govt Support,Female and Children,1 to 2,7,14,None,10/12/2024,No Referral
1032,19-34,NZ European,Govt Support,Female and Children,1 to 2,9,18,None,19/11/2024,No Referral
1033,35-49,Māori ,Govt Support,Single Male,3 to 6,1,2,None,14/01/2025,No Referral
1034,35-49,Māori ,Govt Support,Single Male,3 to 6,9,18,None,11/10/2024,No Referral
1035,19-34,NZ European,Govt Support,Female and Children,1 to 2,1,2,None,17/01/2025,No Referral
1036,35-49,Māori ,Govt Support,Single Male,3 to 6,6,12,None,1/10/2024,No Referral
1037,35-49,Māori ,Govt Support,Single Female,3 to 6,4,8,Financial Mentoring,13/01/2025,Financial Mentoring
1038,19-34,NZ European,Govt Support,Female and Children,1 to 2,9,18,None,24/11/2024,No Referral
1039,50-64,East Asian,No Income,Partners with Children,7 to 12,5,10,None,30/01/2025,No Referral
1040,19-34,NZ European,Govt Support,Female and Children,1 to 2,1,2,Financial Mentoring,26/02/2025,Financial Mentoring
1041,65+,Other,Personal/Private,Male and Children,13 to 24,8,16,None,31/10/2024,No Referral
1042,35-49,Māori ,Govt Support,Single Male,3 to 6,9,18,None,29/01/2025,No Referral
1043,19-34,NZ European,Govt Support,Female and Children,1 to 2,6,12,None,9/12/2024,No Referral
1044,19-34,NZ European,Govt Support,Female and Children,1 to 2,6,12,None,20/10/2024,No Referral
1045,50-64,East Asian,No Income,Partners with Children,7 to 12,5,10,None,28/10/2024,No Referral
1046,35-49,Māori ,Govt Support,Single Male,3 to 6,5,10,None,29/10/2024,No Referral
1047,35-49,Māori ,Govt Support,Single Female,3 to 6,9,18,Financial Mentoring,28/12/2024,Financial Mentoring
1048,50-64,East Asian,No Income,Partners with Children,7 to 12,9,18,None,29/12/2024,No Referral
1049,19-34,NZ European,Govt Support,Female and Children,1 to 2,2,4,None,22/12/2024,No Referral
1050,50-64,Other,No Income,Partners with Children,7 to 12,2,4,Financial Mentoring,1/12/2024,Financial Mentoring
1051,19-34,NZ European,Govt Support,Female and Children,1 to 2,10,20,None,11/03/2025,No Referral
1052,50-64,East Asian,No Income,Partners with Children,7 to 12,2,4,None,15/12/2024,No Referral
1053,50-64,East Asian,No Income,Partners with Children,7 to 12,3,6,Financial Mentoring,12/12/2024,Financial Mentoring
1054,35-49,Māori ,Govt Support,Single Male,3 to 6,10,20,None,10/12/2024,No Referral
1055,50-64,Pasifika,Govt Support,Single Female,3 to 6,8,16,None,6/11/2024,No Referral
1056,50-64,Pasifika,Govt Support,Partners with Children,3 to 6,7,14,Financial Mentoring,25/02/2025,Financial Mentoring
1057,19-34,NZ European,Govt Support,Female and Children,1 to 2,10,20,None,4/12/2024,No Referral
1058,19-34,NZ European,Govt Support,Female and Children,1 to 2,7,14,Financial Mentoring,16/11/2024,Financial Mentoring
1059,35-49,Māori ,Govt Support,Single Male,3 to 6,1,2,None,28/11/2024,No Referral
1060,35-49,NZ European,Govt Support,Female and Children,1 to 2,2,4,None,24/01/2025,No Referral
1061,50-64,East Asian,No Income,Partners with Children,7 to 12,9,18,None,13/12/2024,No Referral
1062,35-49,Māori ,Govt Support,Single Female,3 to 6,9,18,None,22/02/2025,No Referral
1063,50-64,East Asian,No Income,Partners with Children,7 to 12,2,4,None,21/03/2025,No Referral
1064,35-49,Māori ,Govt Support,Single Female,3 to 6,4,8,None,30/10/2024,No Referral
1065,50-64,Pasifika,Govt Support,Single Female,3 to 6,7,14,None,1/12/2024,No Referral
1066,19-34,NZ European,Govt Support,Female and Children,1 to 2,1,2,None,10/11/2024,No Referral
1067,19-34,NZ European,Govt Support,Female and Children,1 to 2,5,10,None,13/02/2025,No Referral
1068,50-64,Pasifika,Govt Support,Partners with Children,3 to 6,1,2,Financial Mentoring,15/12/2024,Financial Mentoring
1069,35-49,Pasifika,Govt Support,Single Female,3 to 6,6,12,Financial Mentoring,23/10/2024,Financial Mentoring
1070,35-49,Māori ,Govt Support,Single Male,3 to 6,7,14,None,10/03/2025,No Referral
1071,50-64,Other,Personal/Private,Partners with Children,7 to 12,2,4,None,2/10/2024,No Referral
1072,19-34,NZ European,Govt Support,Female and Children,1 to 2,5,10,None,10/10/2024,No Referral
1073,19-34,NZ European,Govt Support,Female and Children,1 to 2,6,12,None,18/12/2024,No Referral
1074,50-64,East Asian,No Income,Partners with Children,7 to 12,3,6,Financial Mentoring,25/12/2024,Financial Mentoring
1075,50-64,East Asian,No Income,Partners with Children,7 to 12,1,2,Financial Mentoring,16/12/2024,Financial Mentoring
1076,35-49,Māori ,Govt Support,Single Male,3 to 6,3,6,Financial Mentoring,24/11/2024,Financial Mentoring
1077,19-34,NZ European,Govt Support,Female and Children,1 to 2,6,12,Financial Mentoring,23/12/2024,Financial Mentoring
1078,35-49,Māori ,Govt Support,Single Male,3 to 6,1,2,None,28/10/2024,No Referral
1079,19-34,NZ European,Govt Support,Female and Children,1 to 2,9,18,None,22/03/2025,No Referral
1080,19-34,NZ European,Govt Support,Female and Children,1 to 2,7,14,Financial Mentoring,12/11/2024,Financial Mentoring
1081,35-49,Māori ,Govt Support,Single Female,3 to 6,2,4,None,23/01/2025,No Referral
1082,35-49,NZ European,Govt Support,Female and Children,1 to 2,3,6,Financial Mentoring,14/11/2024,Financial Mentoring
1083,50-64,Other,No Income,Partners with Children,7 to 12,1,2,None,8/11/2024,No Referral
1084,35-49,Māori ,Govt Support,Single Female,3 to 6,3,6,None,16/02/2025,No Referral
1085,19-34,NZ European,Govt Support,Female and Children,1 to 2,7,14,None,24/10/2024,No Referral
1086,35-49,Māori ,Govt Support,Single Female,3 to 6,1,2,None,30/03/2025,No Referral
1087,19-34,NZ European,Govt Support,Female and Children,1 to 2,5,10,None,27/12/2024,No Referral
1088,35-49,Māori ,Govt Support,Single Male,3 to 6,1,2,None,12/11/2024,No Referral
1089,35-49,Māori ,Govt Support,Single Male,3 to 6,6,12,Financial Mentoring,6/11/2024,Financial Mentoring
1090,35-49,NZ European,Govt Support,Female and Children,1 to 2,2,4,None,19/10/2024,No Referral
1091,35-49,NZ European,Govt Support,Female and Children,1 to 2,8,16,Financial Mentoring,17/01/2025,Financial Mentoring
1092,19-34,NZ European,Govt Support,Female and Children,1 to 2,5,10,None,21/03/2025,No Referral
1093,35-49,NZ European,Govt Support,Female and Children,1 to 2,7,14,Financial Mentoring,8/02/2025,Financial Mentoring
1094,35-49,Māori ,Govt Support,Single Male,3 to 6,7,14,None,6/03/2025,No Referral
1095,35-49,Māori ,Govt Support,Single Male,3 to 6,2,4,None,8/03/2025,No Referral
1096,35-49,Māori ,Govt Support,Single Male,3 to 6,1,2,None,21/11/2024,No Referral
1097,50-64,East Asian,No Income,Partners with Children,7 to 12,7,14,None,21/12/2024,No Referral
1098,35-49,Māori ,Govt Support,Single Female,3 to 6,8,16,None,14/03/2025,No Referral
1099,50-64,East Asian,No Income,Partners with Children,7 to 12,1,2,None,3/11/2024,No Referral
1100,35-49,NZ European,Govt Support,Female and Children,3 to 6,2,4,None,22/10/2024,No Referral
1101,35-49,Māori ,Govt Support,Single Male,3 to 6,10,20,None,19/03/2025,No Referral
1102,35-49,Pasifika,Govt Support,Single Female,3 to 6,1,2,None,19/01/2025,No Referral
1103,35-49,NZ European,Govt Support,Single Male,3 to 6,7,14,None,15/02/2025,No Referral
1104,19-34,NZ European,Govt Support,Female and Children,1 to 2,10,20,Financial Mentoring,7/11/2024,Financial Mentoring
1105,19-34,NZ European,Govt Support,Female and Children,1 to 2,8,16,Financial Mentoring,17/11/2024,Financial Mentoring
1106,35-49,Māori ,Govt Support,Single Male,3 to 6,9,18,None,7/03/2025,No Referral
1107,19-34,NZ European,Govt Support,Female and Children,1 to 2,10,20,Financial Mentoring,2/11/2024,Financial Mentoring
1108,19-34,NZ European,Govt Support,Female and Children,1 to 2,5,10,Financial Mentoring,6/12/2024,Financial Mentoring
1109,50-64,East Asian,No Income,Partners with Children,7 to 12,5,10,None,25/03/2025,No Referral
1110,50-64,Pasifika,Govt Support,Single Female,3 to 6,10,20,None,24/02/2025,No Referral
1111,50-64,East Asian,No Income,Partners with Children,7 to 12,7,14,Financial Mentoring,17/10/2024,Financial Mentoring
1112,35-49,NZ European,Govt Support,Female and Children,1 to 2,5,10,Financial Mentoring,1/03/2025,Financial Mentoring
1113,35-49,Māori ,Govt Support,Single Male,3 to 6,7,14,Financial Mentoring,22/03/2025,Financial Mentoring
1114,35-49,Māori ,Govt Support,Single Female,3 to 6,2,4,None,16/03/2025,No Referral
1115,50-64,Pasifika,Govt Support,Single Female,3 to 6,5,10,Financial Mentoring,30/12/2024,Financial Mentoring
1116,<18,NZ European,Govt Support,Female and Children,1 to 2,6,12,None,29/03/2025,No Referral
1117,65+,Other,Family Support,Male and Children,25+,5,10,None,29/03/2025,No Referral
1118,35-49,Māori ,Govt Support,Single Male,3 to 6,4,8,None,20/01/2025,No Referral
1119,35-49,Māori ,Govt Support,Single Female,3 to 6,4,8,None,16/10/2024,No Referral
1120,35-49,Māori ,Govt Support,Single Male,3 to 6,10,20,Financial Mentoring,6/02/2025,Financial Mentoring
1121,35-49,NZ European,Govt Support,Single Male,3 to 6,7,14,None,8/02/2025,No Referral
1122,35-49,NZ European,Govt Support,Female and Children,1 to 2,3,6,None,27/02/2025,No Referral
1123,50-64,East Asian,No Income,Partners with Children,7 to 12,8,16,None,31/12/2024,No Referral
1124,35-49,Māori ,Govt Support,Single Female,3 to 6,6,12,None,12/11/2024,No Referral
1125,19-34,NZ European,Govt Support,Female and Children,1 to 2,7,14,None,14/11/2024,No Referral
1126,19-34,NZ European,Govt Support,Female and Children,1 to 2,5,10,Financial Mentoring,19/01/2025,Financial Mentoring
1127,35-49,Māori ,Govt Support,Single Male,3 to 6,5,10,None,15/03/2025,No Referral
1128,35-49,Māori ,Govt Support,Single Female,3 to 6,5,10,None,10/10/2024,No Referral
1129,19-34,NZ European,Govt Support,Female and Children,1 to 2,5,10,None,7/11/2024,No Referral
1130,19-34,NZ European,Govt Support,Female and Children,1 to 2,4,8,None,18/12/2024,No Referral
1131,50-64,Pasifika,Govt Support,Partners with Children,3 to 6,5,10,None,14/03/2025,No Referral
1132,35-49,Māori ,Govt Support,Single Male,3 to 6,8,16,Financial Mentoring,7/02/2025,Financial Mentoring
1133,35-49,NZ European,Govt Support,Female and Children,1 to 2,2,4,None,30/03/2025,No Referral
1134,50-64,Pasifika,Govt Support,Single Female,3 to 6,9,18,None,17/03/2025,No Referral
1135,35-49,Māori ,Govt Support,Single Male,3 to 6,4,8,None,26/01/2025,No Referral
1136,35-49,Māori ,Govt Support,Single Male,3 to 6,3,6,Financial Mentoring,30/12/2024,Financial Mentoring
1137,50-64,Other,Personal/Private,Partners with Children,7 to 12,5,10,Financial Mentoring,12/12/2024,Financial Mentoring
1138,35-49,NZ European,Govt Support,Female and Children,1 to 2,4,8,Financial Mentoring,30/10/2024,Financial Mentoring
1139,19-34,NZ European,Govt Support,Female and Children,1 to 2,4,8,None,16/11/2024,No Referral
1140,35-49,NZ European,Govt Support,Female and Children,1 to 2,5,10,None,5/01/2025,No Referral
1141,35-49,Māori ,Govt Support,Single Female,3 to 6,6,12,Financial Mentoring,21/01/2025,Financial Mentoring
1142,35-49,NZ European,Govt Support,Female and Children,1 to 2,3,6,None,15/03/2025,No Referral
1143,35-49,Māori ,Govt Support,Single Male,3 to 6,5,10,Financial Mentoring,9/03/2025,Financial Mentoring
1144,35-49,NZ European,Govt Support,Female and Children,1 to 2,7,14,None,12/01/2025,No Referral
1145,35-49,Māori ,Govt Support,Single Male,3 to 6,5,10,Financial Mentoring,26/01/2025,Financial Mentoring
1146,35-49,Māori ,Govt Support,Single Male,3 to 6,9,18,None,14/03/2025,No Referral
1147,50-64,East Asian,No Income,Partners with Children,7 to 12,1,2,None,10/12/2024,No Referral
1148,19-34,NZ European,Govt Support,Female and Children,1 to 2,7,14,None,24/11/2024,No Referral
1149,19-34,NZ European,Govt Support,Female and Children,1 to 2,9,18,None,20/12/2024,No Referral
1150,19-34,NZ European,Govt Support,Female and Children,1 to 2,3,6,None,9/01/2025,No Referral
1151,50-64,Other,No Income,Partners with Children,7 to 12,10,20,None,31/12/2024,No Referral
1152,35-49,NZ European,Govt Support,Female and Children,3 to 6,5,10,None,16/10/2024,No Referral
1153,65+,Other,Personal/Private,Partners with Children,7 to 12,7,14,None,5/01/2025,No Referral
1154,35-49,Māori ,Govt Support,Single Male,3 to 6,4,8,None,24/11/2024,No Referral
1155,50-64,Other,Personal/Private,Partners with Children,7 to 12,1,2,Financial Mentoring,27/03/2025,Financial Mentoring
1156,65+,Other,Personal/Private,Male and Children,7 to 12,2,4,Financial Mentoring,31/10/2024,Financial Mentoring
1157,19-34,NZ European,Govt Support,Female and Children,1 to 2,2,4,Financial Mentoring,17/02/2025,Financial Mentoring
1158,50-64,Other,Personal/Private,Partners with Children,7 to 12,2,4,None,22/10/2024,No Referral
1159,50-64,Pasifika,Govt Support,Single Female,3 to 6,8,16,None,8/10/2024,No Referral
1160,19-34,NZ European,Govt Support,Female and Children,1 to 2,4,8,None,17/03/2025,No Referral
1161,35-49,Māori ,Govt Support,Single Male,3 to 6,6,12,None,4/03/2025,No Referral
1162,35-49,Māori ,Govt Support,Single Male,3 to 6,6,12,None,3/12/2024,No Referral
1163,35-49,Māori ,Govt Support,Single Male,3 to 6,1,2,Financial Mentoring,19/02/2025,Financial Mentoring
1164,35-49,Māori ,Govt Support,Single Male,3 to 6,3,6,None,4/03/2025,No Referral
1165,35-49,NZ European,Govt Support,Female and Children,3 to 6,4,8,Financial Mentoring,13/02/2025,Financial Mentoring
1166,35-49,Māori ,Govt Support,Single Female,3 to 6,9,18,None,27/02/2025,No Referral
1167,19-34,NZ European,Govt Support,Female and Children,1 to 2,8,16,Financial Mentoring,2/12/2024,Financial Mentoring
1168,35-49,NZ European,Govt Support,Female and Children,1 to 2,10,20,Financial Mentoring,30/03/2025,Financial Mentoring
1169,35-49,Māori ,Govt Support,Single Female,3 to 6,7,14,Financial Mentoring,19/03/2025,Financial Mentoring
1170,19-34,NZ European,Govt Support,Female and Children,1 to 2,10,20,None,1/03/2025,No Referral
1171,65+,Other,Personal/Private,Partners with Children,7 to 12,8,16,Financial Mentoring,17/03/2025,Financial Mentoring
1172,35-49,Māori ,Govt Support,Single Male,3 to 6,4,8,None,2/01/2025,No Referral
1173,19-34,NZ European,Govt Support,Female and Children,1 to 2,7,14,Financial Mentoring,13/01/2025,Financial Mentoring
1174,19-34,NZ European,Govt Support,Female and Children,1 to 2,3,6,Financial Mentoring,3/02/2025,Financial Mentoring
1175,19-34,NZ European,Govt Support,Female and Children,1 to 2,1,2,Financial Mentoring,6/02/2025,Financial Mentoring
1176,19-34,NZ European,Govt Support,Female and Children,1 to 2,10,20,Financial Mentoring,14/12/2024,Financial Mentoring
1177,35-49,NZ European,Govt Support,Female and Children,1 to 2,7,14,Financial Mentoring,31/10/2024,Financial Mentoring
1178,50-64,East Asian,No Income,Partners with Children,7 to 12,10,20,None,1/03/2025,No Referral
1179,35-49,NZ European,Govt Support,Female and Children,1 to 2,1,2,None,22/11/2024,No Referral
1180,35-49,Māori ,Govt Support,Single Female,3 to 6,6,12,None,25/10/2024,No Referral
1181,50-64,Pasifika,Govt Support,Single Female,3 to 6,4,8,Financial Mentoring,15/12/2024,Financial Mentoring
1182,35-49,Māori ,Govt Support,Single Male,3 to 6,7,14,None,21/03/2025,No Referral
1183,35-49,Māori ,Govt Support,Single Male,3 to 6,3,6,None,6/12/2024,No Referral
1184,19-34,NZ European,Govt Support,Female and Children,1 to 2,5,10,None,24/12/2024,No Referral
1185,50-64,Pasifika,Govt Support,Single Female,3 to 6,7,14,Financial Mentoring,21/11/2024,Financial Mentoring
1186,35-49,Māori ,Govt Support,Single Male,3 to 6,5,10,Financial Mentoring,19/02/2025,Financial Mentoring
1187,19-34,NZ European,Govt Support,Female and Children,1 to 2,6,12,None,9/01/2025,No Referral
1188,19-34,NZ European,Govt Support,Female and Children,1 to 2,1,2,None,13/01/2025,No Referral
1189,19-34,NZ European,Govt Support,Female and Children,1 to 2,2,4,None,22/12/2024,No Referral
1190,19-34,NZ European,Govt Support,Female and Children,1 to 2,5,10,None,30/03/2025,No Referral
1191,19-34,NZ European,Govt Support,Female and Children,1 to 2,8,16,None,15/01/2025,No Referral
1192,35-49,Māori ,Govt Support,Single Male,3 to 6,9,18,None,7/02/2025,No Referral
1193,19-34,NZ European,Govt Support,Female and Children,1 to 2,2,4,Financial Mentoring,23/01/2025,Financial Mentoring
1194,50-64,East Asian,No Income,Partners with Children,7 to 12,9,18,None,11/02/2025,No Referral
1195,35-49,Māori ,Govt Support,Single Male,3 to 6,2,4,None,7/11/2024,No Referral
1196,35-49,Pasifika,Govt Support,Single Female,3 to 6,7,14,Financial Mentoring,16/01/2025,Financial Mentoring
1197,35-49,Māori ,Govt Support,Single Male,3 to 6,2,4,Financial Mentoring,2/01/2025,Financial Mentoring
1198,35-49,NZ European,Govt Support,Female and Children,1 to 2,9,18,None,19/01/2025,No Referral
1199,50-64,East Asian,Govt Support,Partners with Children,7 to 12,5,10,None,31/12/2024,No Referral
1200,35-49,Māori ,Govt Support,Single Male,3 to 6,6,12,None,14/10/2024,No Referral
1201,19-34,NZ European,Govt Support,Female and Children,1 to 2,2,4,Financial Mentoring,13/11/2024,Financial Mentoring
1202,35-49,Māori ,Govt Support,Single Male,3 to 6,3,6,None,4/10/2024,No Referral
1203,35-49,Māori ,Govt Support,Single Male,3 to 6,7,14,None,29/01/2025,No Referral
1204,50-64,East Asian,No Income,Partners with Children,7 to 12,6,12,None,21/11/2024,No Referral
1205,35-49,Māori ,Govt Support,Single Female,3 to 6,8,16,None,1/02/2025,No Referral
1206,50-64,East Asian,Govt Support,Partners with Children,3 to 6,8,16,Financial Mentoring,15/03/2025,Financial Mentoring
1207,35-49,Māori ,Govt Support,Single Male,3 to 6,10,20,Financial Mentoring,27/02/2025,Financial Mentoring
1208,65+,Other,Personal/Private,Male and Children,7 to 12,6,12,None,7/01/2025,No Referral
1209,19-34,NZ European,Govt Support,Female and Children,1 to 2,2,4,None,26/01/2025,No Referral
1210,65+,Other,Personal/Private,Male and Children,7 to 12,1,2,None,11/02/2025,No Referral
1211,35-49,NZ European,Govt Support,Female and Children,1 to 2,6,12,Financial Mentoring,8/10/2024,Financial Mentoring
1212,65+,Other,Personal/Private,Male and Children,13 to 24,7,14,None,15/12/2024,No Referral
1213,35-49,Māori ,Govt Support,Single Female,3 to 6,1,2,None,12/03/2025,No Referral
1214,35-49,Māori ,Govt Support,Single Male,3 to 6,9,18,None,26/10/2024,No Referral
1215,19-34,NZ European,Govt Support,Female and Children,1 to 2,6,12,Financial Mentoring,4/10/2024,Financial Mentoring
1216,35-49,NZ European,Govt Support,Female and Children,1 to 2,8,16,None,26/10/2024,No Referral
1217,50-64,Pasifika,Govt Support,Single Female,3 to 6,6,12,None,10/01/2025,No Referral
1218,35-49,Māori ,Govt Support,Single Male,3 to 6,9,18,None,13/11/2024,No Referral
1219,35-49,Māori ,Govt Support,Single Male,3 to 6,9,18,None,27/11/2024,No Referral
1220,50-64,Pasifika,Govt Support,Single Female,3 to 6,3,6,None,9/02/2025,No Referral
1221,35-49,Māori ,Govt Support,Single Female,3 to 6,1,2,None,22/11/2024,No Referral
1222,35-49,Māori ,Govt Support,Single Male,3 to 6,6,12,None,8/12/2024,No Referral
1223,35-49,Pasifika,Govt Support,Single Female,3 to 6,10,20,None,16/03/2025,No Referral
1224,35-49,Pasifika,Govt Support,Single Female,3 to 6,3,6,Financial Mentoring,3/11/2024,Financial Mentoring
1225,65+,Other,Personal/Private,Male and Children,7 to 12,3,6,Financial Mentoring,24/12/2024,Financial Mentoring
1226,35-49,Māori ,Govt Support,Single Male,3 to 6,2,4,None,5/12/2024,No Referral
1227,50-64,East Asian,No Income,Partners with Children,7 to 12,2,4,None,16/10/2024,No Referral
1228,19-34,NZ European,Govt Support,Female and Children,1 to 2,3,6,None,8/02/2025,No Referral
1229,35-49,Māori ,Govt Support,Single Female,3 to 6,4,8,None,8/12/2024,No Referral
1230,50-64,East Asian,No Income,Partners with Children,7 to 12,8,16,Financial Mentoring,25/11/2024,Financial Mentoring
1231,35-49,Māori ,Govt Support,Single Male,3 to 6,7,14,None,18/10/2024,No Referral
1232,50-64,East Asian,No Income,Partners with Children,7 to 12,9,18,None,8/02/2025,No Referral
1233,35-49,NZ European,Govt Support,Female and Children,3 to 6,2,4,Financial Mentoring,10/11/2024,Financial Mentoring
1234,19-34,NZ European,Govt Support,Female and Children,1 to 2,9,18,Financial Mentoring,10/11/2024,Financial Mentoring
1235,35-49,Māori ,Govt Support,Single Male,3 to 6,6,12,None,1/11/2024,No Referral
1236,35-49,Māori ,Govt Support,Single Male,3 to 6,2,4,None,5/10/2024,No Referral
1237,50-64,Pasifika,Govt Support,Partners with Children,3 to 6,2,4,None,30/12/2024,No Referral
1238,50-64,Pasifika,Govt Support,Partners with Children,3 to 6,5,10,None,20/10/2024,No Referral
1239,19-34,NZ European,Govt Support,Female and Children,1 to 2,4,8,Financial Mentoring,30/11/2024,Financial Mentoring
1240,50-64,East Asian,No Income,Partners with Children,7 to 12,1,2,None,19/12/2024,No Referral
1241,50-64,East Asian,No Income,Partners with Children,7 to 12,5,10,Financial Mentoring,19/03/2025,Financial Mentoring
1242,50-64,East Asian,Govt Support,Partners with Children,3 to 6,1,2,None,6/11/2024,No Referral
1243,35-49,Māori ,Govt Support,Single Male,3 to 6,9,18,Financial Mentoring,4/03/2025,Financial Mentoring
1244,19-34,NZ European,Govt Support,Female and Children,1 to 2,8,16,None,4/12/2024,No Referral
1245,35-49,Māori ,Govt Support,Single Male,3 to 6,5,10,None,25/02/2025,No Referral
1246,50-64,Pasifika,Govt Support,Single Female,3 to 6,3,6,None,6/03/2025,No Referral
1247,19-34,NZ European,Govt Support,Female and Children,1 to 2,9,18,None,23/01/2025,No Referral
1248,19-34,NZ European,Govt Support,Female and Children,1 to 2,1,2,None,10/02/2025,No Referral
1249,35-49,Māori ,Govt Support,Single Male,3 to 6,7,14,None,19/01/2025,No Referral
1250,50-64,Other,No Income,Partners with Children,7 to 12,10,20,Financial Mentoring,2/10/2024,Financial Mentoring
1251,35-49,Māori ,Govt Support,Single Male,3 to 6,1,2,None,19/11/2024,No Referral
1252,65+,Other,Personal/Private,Partners with Children,7 to 12,3,6,None,22/10/2024,No Referral
1253,50-64,Other,No Income,Partners with Children,7 to 12,7,14,Financial Mentoring,2/03/2025,Financial Mentoring
1254,19-34,NZ European,Govt Support,Female and Children,1 to 2,5,10,Financial Mentoring,7/12/2024,Financial Mentoring
1255,19-34,NZ European,Govt Support,Female and Children,1 to 2,2,4,None,9/10/2024,No Referral
1256,19-34,NZ European,Govt Support,Female and Children,1 to 2,4,8,None,28/02/2025,No Referral
1257,35-49,Māori ,Govt Support,Single Male,3 to 6,4,8,None,30/12/2024,No Referral
1258,50-64,East Asian,No Income,Partners with Children,7 to 12,7,14,Financial Mentoring,12/02/2025,Financial Mentoring
1259,19-34,NZ European,Govt Support,Female and Children,1 to 2,9,18,Financial Mentoring,5/02/2025,Financial Mentoring
1260,19-34,NZ European,Govt Support,Female and Children,1 to 2,6,12,Financial Mentoring,26/10/2024,Financial Mentoring
1261,35-49,Māori ,Govt Support,Single Male,3 to 6,9,18,None,23/11/2024,No Referral
1262,19-34,NZ European,Govt Support,Female and Children,1 to 2,2,4,None,24/11/2024,No Referral
1263,35-49,Māori ,Govt Support,Single Male,3 to 6,10,20,None,14/11/2024,No Referral
1264,19-34,NZ European,Govt Support,Female and Children,1 to 2,7,14,None,20/12/2024,No Referral
1265,35-49,Māori ,Govt Support,Single Female,3 to 6,7,14,None,6/03/2025,No Referral
1266,19-34,NZ European,Govt Support,Female and Children,1 to 2,9,18,None,19/10/2024,No Referral
1267,19-34,NZ European,Govt Support,Female and Children,1 to 2,3,6,None,6/10/2024,No Referral
1268,19-34,NZ European,Govt Support,Female and Children,1 to 2,10,20,None,7/02/2025,No Referral
1269,19-34,NZ European,Govt Support,Female and Children,1 to 2,1,2,Financial Mentoring,31/01/2025,Financial Mentoring
1270,19-34,NZ European,Govt Support,Female and Children,1 to 2,5,10,None,22/12/2024,No Referral
1271,19-34,NZ European,Govt Support,Female and Children,1 to 2,7,14,None,27/12/2024,No Referral
1272,35-49,Māori ,Govt Support,Single Male,3 to 6,1,2,None,3/12/2024,No Referral
1273,19-34,NZ European,Govt Support,Female and Children,1 to 2,10,20,None,25/12/2024,No Referral
1274,65+,Other,Personal/Private,Male and Children,7 to 12,9,18,Financial Mentoring,8/03/2025,Financial Mentoring
1275,19-34,NZ European,Govt Support,Female and Children,1 to 2,7,14,Financial Mentoring,26/12/2024,Financial Mentoring
1276,35-49,Māori ,Govt Support,Single Female,3 to 6,1,2,None,16/11/2024,No Referral
1277,50-64,East Asian,No Income,Partners with Children,7 to 12,6,12,Financial Mentoring,3/12/2024,Financial Mentoring
1278,50-64,Pasifika,Govt Support,Single Female,3 to 6,3,6,None,7/12/2024,No Referral
1279,19-34,NZ European,Govt Support,Female and Children,1 to 2,6,12,None,1/11/2024,No Referral
1280,19-34,NZ European,Govt Support,Female and Children,1 to 2,1,2,None,4/02/2025,No Referral
1281,50-64,East Asian,No Income,Partners with Children,7 to 12,2,4,Financial Mentoring,29/12/2024,Financial Mentoring
1282,35-49,Māori ,Govt Support,Single Female,3 to 6,3,6,Financial Mentoring,23/11/2024,Financial Mentoring
1283,19-34,NZ European,Govt Support,Female and Children,1 to 2,9,18,None,30/03/2025,No Referral
1284,19-34,NZ European,Govt Support,Female and Children,1 to 2,4,8,None,26/02/2025,No Referral
1285,19-34,NZ European,Govt Support,Female and Children,1 to 2,6,12,None,6/03/2025,No Referral
1286,19-34,NZ European,Govt Support,Female and Children,1 to 2,1,2,Financial Mentoring,4/12/2024,Financial Mentoring
1287,50-64,East Asian,No Income,Partners with Children,7 to 12,3,6,None,16/02/2025,No Referral
1288,19-34,NZ European,Govt Support,Female and Children,1 to 2,3,6,Financial Mentoring,12/02/2025,Financial Mentoring
1289,19-34,NZ European,Govt Support,Female and Children,1 to 2,6,12,None,20/03/2025,No Referral
1290,50-64,Pasifika,Govt Support,Single Female,3 to 6,6,12,Financial Mentoring,10/12/2024,Financial Mentoring
1291,35-49,Māori ,Govt Support,Single Female,3 to 6,1,2,None,13/11/2024,No Referral
1292,19-34,NZ European,Govt Support,Female and Children,1 to 2,7,14,None,25/01/2025,No Referral
1293,65+,Other,Personal/Private,Partners with Children,7 to 12,3,6,Financial Mentoring,2/10/2024,Financial Mentoring
1294,35-49,Māori ,Govt Support,Single Female,3 to 6,3,6,None,9/12/2024,No Referral
1295,19-34,NZ European,Govt Support,Female and Children,1 to 2,8,16,Financial Mentoring,12/03/2025,Financial Mentoring
1296,50-64,Pasifika,Govt Support,Single Female,3 to 6,10,20,None,23/12/2024,No Referral
1297,35-49,Māori ,Govt Support,Single Male,3 to 6,3,6,None,20/11/2024,No Referral
1298,50-64,East Asian,No Income,Partners with Children,7 to 12,4,8,None,10/10/2024,No Referral
1299,35-49,NZ European,Govt Support,Single Male,3 to 6,3,6,None,10/02/2025,No Referral
1300,35-49,Māori ,Govt Support,Single Male,3 to 6,5,10,None,24/03/2025,No Referral
1301,19-34,NZ European,Govt Support,Female and Children,1 to 2,8,16,Financial Mentoring,12/11/2024,Financial Mentoring
1302,19-34,NZ European,Govt Support,Female and Children,1 to 2,1,2,None,30/03/2025,No Referral
1303,35-49,Māori ,Govt Support,Single Male,3 to 6,4,8,Financial Mentoring,30/01/2025,Financial Mentoring
1304,19-34,NZ European,Govt Support,Female and Children,1 to 2,7,14,None,7/01/2025,No Referral
1305,19-34,NZ European,Govt Support,Female and Children,1 to 2,3,6,None,12/12/2024,No Referral
1306,19-34,NZ European,Govt Support,Female and Children,1 to 2,7,14,Financial Mentoring,26/02/2025,Financial Mentoring
1307,35-49,NZ European,Govt Support,Female and Children,1 to 2,8,16,None,13/12/2024,No Referral
1308,65+,Other,Personal/Private,Partners with Children,7 to 12,5,10,None,30/12/2024,No Referral
1309,35-49,Pasifika,Govt Support,Single Female,3 to 6,9,18,None,29/11/2024,No Referral
1310,35-49,Māori ,Govt Support,Single Male,3 to 6,4,8,None,8/02/2025,No Referral
1311,35-49,Māori ,Govt Support,Single Female,3 to 6,7,14,None,16/02/2025,No Referral
1312,35-49,Māori ,Govt Support,Single Male,3 to 6,9,18,None,19/10/2024,No Referral
1313,35-49,Māori ,Govt Support,Single Male,3 to 6,3,6,Financial Mentoring,11/01/2025,Financial Mentoring
1314,19-34,NZ European,Govt Support,Female and Children,1 to 2,3,6,None,17/03/2025,No Referral
1315,35-49,Māori ,Govt Support,Single Female,3 to 6,10,20,None,4/12/2024,No Referral
1316,19-34,NZ European,Govt Support,Female and Children,1 to 2,2,4,None,21/11/2024,No Referral
1317,50-64,East Asian,No Income,Partners with Children,7 to 12,9,18,None,22/01/2025,No Referral
1318,35-49,Māori ,Govt Support,Single Male,3 to 6,8,16,Financial Mentoring,1/12/2024,Financial Mentoring
1319,<18,NZ European,Govt Support,Female and Children,1 to 2,2,4,None,25/12/2024,No Referral
1320,35-49,NZ European,Govt Support,Single Male,3 to 6,4,8,Financial Mentoring,27/01/2025,Financial Mentoring
1321,35-49,Māori ,Govt Support,Single Male,3 to 6,7,14,Financial Mentoring,10/01/2025,Financial Mentoring
1322,19-34,NZ European,Govt Support,Female and Children,1 to 2,8,16,None,29/11/2024,No Referral
1323,50-64,East Asian,No Income,Partners with Children,7 to 12,10,20,None,19/03/2025,No Referral
1324,35-49,NZ European,Govt Support,Single Male,3 to 6,9,18,None,12/01/2025,No Referral
1325,35-49,Māori ,Govt Support,Single Female,3 to 6,1,2,Financial Mentoring,20/12/2024,Financial Mentoring
1326,50-64,East Asian,No Income,Partners with Children,7 to 12,1,2,Financial Mentoring,4/11/2024,Financial Mentoring
1327,35-49,NZ European,Govt Support,Female and Children,1 to 2,5,10,Financial Mentoring,24/02/2025,Financial Mentoring
1328,35-49,Māori ,Govt Support,Single Female,3 to 6,3,6,None,4/01/2025,No Referral
1329,35-49,Māori ,Govt Support,Single Male,3 to 6,1,2,Financial Mentoring,2/11/2024,Financial Mentoring
1330,50-64,East Asian,No Income,Partners with Children,7 to 12,9,18,None,31/12/2024,No Referral
1331,35-49,Pasifika,Govt Support,Single Female,3 to 6,1,2,None,31/10/2024,No Referral
1332,19-34,NZ European,Govt Support,Female and Children,1 to 2,1,2,None,6/12/2024,No Referral
1333,19-34,NZ European,Govt Support,Female and Children,1 to 2,3,6,Financial Mentoring,3/03/2025,Financial Mentoring
1334,35-49,Māori ,Govt Support,Single Male,3 to 6,9,18,None,28/12/2024,No Referral
1335,35-49,Māori ,Govt Support,Single Male,3 to 6,1,2,None,13/01/2025,No Referral
1336,35-49,Māori ,Govt Support,Single Male,3 to 6,7,14,None,2/12/2024,No Referral
1337,35-49,Māori ,Govt Support,Single Male,3 to 6,3,6,Financial Mentoring,8/12/2024,Financial Mentoring
1338,35-49,Māori ,Govt Support,Single Male,3 to 6,6,12,None,18/10/2024,No Referral
1339,65+,Other,Personal/Private,Partners with Children,7 to 12,7,14,Financial Mentoring,12/12/2024,Financial Mentoring
1340,35-49,Māori ,Govt Support,Single Female,3 to 6,3,6,Financial Mentoring,27/10/2024,Financial Mentoring
1341,35-49,Māori ,Govt Support,Single Female,3 to 6,3,6,None,24/02/2025,No Referral
1342,19-34,NZ European,Govt Support,Female and Children,1 to 2,5,10,None,5/12/2024,No Referral
1343,35-49,Māori ,Govt Support,Single Male,3 to 6,1,2,None,25/03/2025,No Referral
1344,19-34,NZ European,Govt Support,Female and Children,1 to 2,9,18,None,27/01/2025,No Referral
1345,35-49,Pasifika,Govt Support,Single Female,3 to 6,1,2,None,20/02/2025,No Referral
1346,19-34,NZ European,Govt Support,Female and Children,1 to 2,1,2,Financial Mentoring,18/11/2024,Financial Mentoring
1347,35-49,Māori ,Govt Support,Single Male,3 to 6,2,4,None,4/11/2024,No Referral
1348,35-49,Māori ,Govt Support,Single Male,3 to 6,4,8,Financial Mentoring,28/02/2025,Financial Mentoring
1349,19-34,NZ European,Govt Support,Female and Children,1 to 2,8,16,Financial Mentoring,9/03/2025,Financial Mentoring
1350,19-34,NZ European,Govt Support,Female and Children,1 to 2,1,2,None,2/11/2024,No Referral
1351,50-64,Pasifika,Govt Support,Single Female,3 to 6,4,8,Financial Mentoring,16/03/2025,Financial Mentoring
1352,19-34,NZ European,Govt Support,Female and Children,1 to 2,4,8,Financial Mentoring,14/03/2025,Financial Mentoring
1353,35-49,Māori ,Govt Support,Single Male,3 to 6,6,12,None,24/12/2024,No Referral
1354,35-49,Māori ,Govt Support,Single Male,3 to 6,9,18,Financial Mentoring,31/10/2024,Financial Mentoring
1355,65+,Other,Personal/Private,Male and Children,13 to 24,7,14,None,8/03/2025,No Referral
1356,35-49,Māori ,Govt Support,Single Male,3 to 6,10,20,None,22/11/2024,No Referral
1357,35-49,Māori ,Govt Support,Single Male,3 to 6,10,20,None,20/10/2024,No Referral
1358,65+,Other,Personal/Private,Partners with Children,7 to 12,3,6,Financial Mentoring,25/10/2024,Financial Mentoring
1359,50-64,Pasifika,Govt Support,Single Female,3 to 6,10,20,None,5/12/2024,No Referral
1360,35-49,NZ European,Govt Support,Female and Children,3 to 6,3,6,None,29/03/2025,No Referral
1361,19-34,NZ European,Govt Support,Female and Children,1 to 2,5,10,Financial Mentoring,27/12/2024,Financial Mentoring
1362,65+,Other,Personal/Private,Partners with Children,7 to 12,6,12,None,10/12/2024,No Referral
1363,19-34,NZ European,Govt Support,Female and Children,1 to 2,6,12,None,26/02/2025,No Referral
1364,35-49,Māori ,Govt Support,Single Female,3 to 6,2,4,None,17/01/2025,No Referral
1365,50-64,East Asian,No Income,Partners with Children,7 to 12,9,18,None,19/11/2024,No Referral
1366,65+,Other,Personal/Private,Male and Children,7 to 12,9,18,None,15/10/2024,No Referral
1367,50-64,Pasifika,Govt Support,Single Female,3 to 6,10,20,None,26/10/2024,No Referral
1368,50-64,East Asian,No Income,Partners with Children,7 to 12,3,6,None,17/10/2024,No Referral
1369,50-64,Pasifika,Govt Support,Single Female,3 to 6,5,10,None,8/01/2025,No Referral
1370,35-49,Pasifika,Govt Support,Single Female,3 to 6,6,12,None,21/10/2024,No Referral
1371,35-49,Māori ,Govt Support,Single Male,3 to 6,2,4,None,3/11/2024,No Referral
1372,35-49,Māori ,Govt Support,Single Male,3 to 6,5,10,None,13/01/2025,No Referral
1373,35-49,NZ European,Govt Support,Female and Children,1 to 2,7,14,None,18/02/2025,No Referral
1374,19-34,NZ European,Govt Support,Female and Children,1 to 2,8,16,None,29/03/2025,No Referral
1375,19-34,NZ European,Govt Support,Female and Children,1 to 2,6,12,None,21/01/2025,No Referral
1376,35-49,NZ European,Govt Support,Female and Children,3 to 6,8,16,None,5/01/2025,No Referral
1377,35-49,NZ European,Govt Support,Female and Children,1 to 2,7,14,None,27/03/2025,No Referral
1378,19-34,NZ European,Govt Support,Female and Children,1 to 2,10,20,None,15/02/2025,No Referral
1379,19-34,NZ European,Govt Support,Female and Children,1 to 2,8,16,Financial Mentoring,23/03/2025,Financial Mentoring
1380,35-49,Māori ,Govt Support,Single Male,3 to 6,4,8,None,19/12/2024,No Referral
1381,19-34,NZ European,Govt Support,Female and Children,1 to 2,9,18,None,3/02/2025,No Referral
1382,19-34,NZ European,Govt Support,Female and Children,1 to 2,4,8,Financial Mentoring,30/12/2024,Financial Mentoring
1383,19-34,NZ European,Govt Support,Female and Children,1 to 2,1,2,None,28/01/2025,No Referral
1384,50-64,Other,Personal/Private,Partners with Children,7 to 12,4,8,None,25/03/2025,No Referral
1385,19-34,NZ European,Govt Support,Female and Children,1 to 2,3,6,None,9/10/2024,No Referral
1386,35-49,Māori ,Govt Support,Single Female,3 to 6,10,20,None,11/02/2025,No Referral
1387,35-49,NZ European,Govt Support,Female and Children,1 to 2,4,8,None,14/11/2024,No Referral
1388,35-49,Māori ,Govt Support,Single Male,3 to 6,6,12,None,25/01/2025,No Referral
1389,35-49,NZ European,Govt Support,Single Male,3 to 6,8,16,Financial Mentoring,11/02/2025,Financial Mentoring
1390,35-49,Māori ,Govt Support,Single Male,3 to 6,2,4,None,2/11/2024,No Referral
1391,65+,Other,Personal/Private,Male and Children,13 to 24,6,12,None,22/11/2024,No Referral
1392,50-64,Pasifika,Govt Support,Partners with Children,3 to 6,6,12,Financial Mentoring,17/01/2025,Financial Mentoring
1393,50-64,Pasifika,Govt Support,Partners with Children,3 to 6,9,18,None,20/03/2025,No Referral
1394,50-64,Pasifika,Govt Support,Single Female,3 to 6,2,4,None,9/02/2025,No Referral
1395,50-64,East Asian,No Income,Partners with Children,7 to 12,9,18,Financial Mentoring,2/03/2025,Financial Mentoring
1396,50-64,East Asian,No Income,Partners with Children,7 to 12,9,18,None,13/12/2024,No Referral
1397,19-34,NZ European,Govt Support,Female and Children,1 to 2,7,14,Financial Mentoring,15/11/2024,Financial Mentoring
1398,35-49,Māori ,Govt Support,Single Male,3 to 6,2,4,Financial Mentoring,24/01/2025,Financial Mentoring
1399,35-49,Māori ,Govt Support,Single Male,3 to 6,7,14,Financial Mentoring,23/01/2025,Financial Mentoring
1400,35-49,Māori ,Govt Support,Single Male,3 to 6,8,16,None,31/12/2024,No Referral
1401,19-34,NZ European,Govt Support,Female and Children,1 to 2,8,16,None,6/10/2024,No Referral
1402,65+,Other,Personal/Private,Partners with Children,7 to 12,8,16,None,4/12/2024,No Referral
1403,35-49,Māori ,Govt Support,Single Male,3 to 6,3,6,None,10/03/2025,No Referral
1404,35-49,Māori ,Govt Support,Single Male,3 to 6,5,10,Financial Mentoring,10/10/2024,Financial Mentoring
1405,35-49,Māori ,Govt Support,Single Male,3 to 6,10,20,None,12/03/2025,No Referral
1406,19-34,NZ European,Govt Support,Female and Children,1 to 2,6,12,None,31/03/2025,No Referral
1407,50-64,Pasifika,Govt Support,Single Female,3 to 6,6,12,None,4/03/2025,No Referral
1408,50-64,East Asian,No Income,Partners with Children,7 to 12,8,16,None,29/12/2024,No Referral
1409,50-64,East Asian,No Income,Partners with Children,7 to 12,6,12,None,16/12/2024,No Referral
1410,35-49,Māori ,Govt Support,Single Female,3 to 6,3,6,Financial Mentoring,1/12/2024,Financial Mentoring
1411,50-64,Pasifika,Govt Support,Single Female,3 to 6,7,14,None,10/02/2025,No Referral
1412,50-64,Pasifika,Govt Support,Single Female,3 to 6,7,14,None,24/03/2025,No Referral
1413,65+,Other,Personal/Private,Partners with Children,7 to 12,6,12,None,12/10/2024,No Referral
1414,35-49,Māori ,Govt Support,Single Male,3 to 6,6,12,None,27/11/2024,No Referral
1415,65+,Other,Personal/Private,Male and Children,7 to 12,8,16,None,21/02/2025,No Referral
1416,35-49,Māori ,Govt Support,Single Male,3 to 6,5,10,Financial Mentoring,21/02/2025,Financial Mentoring
1417,19-34,NZ European,Govt Support,Female and Children,1 to 2,9,18,None,8/12/2024,No Referral
1418,19-34,NZ European,Govt Support,Female and Children,1 to 2,3,6,None,29/01/2025,No Referral
1419,35-49,Māori ,Govt Support,Single Male,3 to 6,2,4,Financial Mentoring,14/03/2025,Financial Mentoring
1420,35-49,Māori ,Govt Support,Single Male,3 to 6,1,2,None,7/03/2025,No Referral
1421,50-64,Pasifika,Govt Support,Single Female,3 to 6,5,10,Financial Mentoring,18/12/2024,Financial Mentoring
1422,19-34,NZ European,Govt Support,Female and Children,1 to 2,1,2,Financial Mentoring,4/03/2025,Financial Mentoring
1423,50-64,Other,Personal/Private,Partners with Children,7 to 12,6,12,None,21/10/2024,No Referral
1424,50-64,Other,No Income,Partners with Children,7 to 12,3,6,Financial Mentoring,6/12/2024,Financial Mentoring
1425,19-34,NZ European,Govt Support,Female and Children,1 to 2,5,10,None,14/12/2024,No Referral
1426,19-34,NZ European,Govt Support,Female and Children,1 to 2,5,10,None,23/01/2025,No Referral
1427,35-49,Māori ,Govt Support,Single Male,3 to 6,2,4,None,13/10/2024,No Referral
1428,35-49,Māori ,Govt Support,Single Male,3 to 6,7,14,None,13/10/2024,No Referral
1429,35-49,Māori ,Govt Support,Single Male,3 to 6,7,14,None,5/01/2025,No Referral
1430,50-64,East Asian,Govt Support,Partners with Children,3 to 6,1,2,None,5/11/2024,No Referral
1431,50-64,East Asian,No Income,Partners with Children,7 to 12,10,20,None,15/02/2025,No Referral
1432,50-64,Pasifika,Govt Support,Single Female,3 to 6,5,10,None,24/01/2025,No Referral
1433,19-34,NZ European,Govt Support,Female and Children,1 to 2,5,10,None,19/12/2024,No Referral
1434,35-49,Māori ,Govt Support,Single Male,3 to 6,3,6,Financial Mentoring,4/11/2024,Financial Mentoring
1435,50-64,Pasifika,Govt Support,Single Female,3 to 6,5,10,Financial Mentoring,20/01/2025,Financial Mentoring
1436,50-64,Pasifika,Govt Support,Single Female,3 to 6,9,18,None,18/01/2025,No Referral
1437,50-64,Other,No Income,Partners with Children,7 to 12,8,16,None,7/11/2024,No Referral
1438,50-64,East Asian,No Income,Partners with Children,7 to 12,5,10,None,31/12/2024,No Referral
1439,35-49,Māori ,Govt Support,Single Female,3 to 6,2,4,None,3/03/2025,No Referral
1440,50-64,Other,No Income,Partners with Children,7 to 12,6,12,None,12/03/2025,No Referral
1441,19-34,NZ European,Govt Support,Female and Children,1 to 2,6,12,None,1/01/2025,No Referral
1442,35-49,Māori ,Govt Support,Single Male,3 to 6,4,8,None,30/10/2024,No Referral
1443,35-49,Māori ,Govt Support,Single Female,3 to 6,4,8,None,17/03/2025,No Referral
1444,35-49,NZ European,Govt Support,Female and Children,1 to 2,3,6,None,20/03/2025,No Referral
1445,65+,Other,Personal/Private,Male and Children,13 to 24,1,2,None,30/10/2024,No Referral
1446,35-49,Māori ,Govt Support,Single Male,3 to 6,10,20,None,24/01/2025,No Referral
1447,65+,Other,Personal/Private,Male and Children,13 to 24,5,10,Financial Mentoring,22/03/2025,Financial Mentoring
1448,35-49,Māori ,Govt Support,Single Male,3 to 6,5,10,Financial Mentoring,10/02/2025,Financial Mentoring
1449,35-49,NZ European,Govt Support,Female and Children,1 to 2,10,20,None,22/11/2024,No Referral
1450,35-49,Māori ,Govt Support,Single Male,3 to 6,2,4,Financial Mentoring,12/12/2024,Financial Mentoring
1451,19-34,NZ European,Govt Support,Female and Children,1 to 2,1,2,None,4/12/2024,No Referral
1452,50-64,East Asian,No Income,Partners with Children,7 to 12,10,20,None,29/10/2024,No Referral
1453,35-49,Māori ,Govt Support,Single Male,3 to 6,5,10,Financial Mentoring,3/01/2025,Financial Mentoring
1454,50-64,East Asian,No Income,Partners with Children,7 to 12,6,12,Financial Mentoring,28/10/2024,Financial Mentoring
1455,35-49,Māori ,Govt Support,Single Female,3 to 6,8,16,Financial Mentoring,13/03/2025,Financial Mentoring
1456,35-49,Māori ,Govt Support,Single Male,3 to 6,9,18,Financial Mentoring,1/11/2024,Financial Mentoring
1457,65+,Other,Personal/Private,Male and Children,13 to 24,6,12,Financial Mentoring,26/10/2024,Financial Mentoring
1458,65+,Other,Personal/Private,Male and Children,13 to 24,4,8,Financial Mentoring,6/01/2025,Financial Mentoring
1459,35-49,Māori ,Govt Support,Single Male,3 to 6,10,20,Financial Mentoring,12/03/2025,Financial Mentoring
1460,35-49,NZ European,Govt Support,Female and Children,1 to 2,1,2,Financial Mentoring,26/12/2024,Financial Mentoring
1461,19-34,NZ European,Govt Support,Female and Children,1 to 2,8,16,None,19/03/2025,No Referral
1462,19-34,NZ European,Govt Support,Female and Children,1 to 2,10,20,Financial Mentoring,22/12/2024,Financial Mentoring
1463,35-49,Māori ,Govt Support,Single Male,3 to 6,1,2,Financial Mentoring,29/12/2024,Financial Mentoring
1464,19-34,NZ European,Govt Support,Female and Children,1 to 2,5,10,Financial Mentoring,20/03/2025,Financial Mentoring
1465,35-49,Pasifika,Govt Support,Single Female,3 to 6,4,8,None,7/01/2025,No Referral
1466,50-64,Pasifika,Govt Support,Single Female,3 to 6,10,20,None,1/01/2025,No Referral
1467,35-49,Māori ,Govt Support,Single Male,3 to 6,8,16,None,20/12/2024,No Referral
1468,35-49,Māori ,Govt Support,Single Female,3 to 6,10,20,None,3/01/2025,No Referral
1469,65+,Other,Personal/Private,Male and Children,13 to 24,2,4,Financial Mentoring,21/10/2024,Financial Mentoring
1470,50-64,East Asian,No Income,Partners with Children,7 to 12,4,8,Financial Mentoring,17/03/2025,Financial Mentoring
1471,35-49,Pasifika,Govt Support,Single Female,3 to 6,5,10,None,2/03/2025,No Referral
1472,35-49,Māori ,Govt Support,Single Male,3 to 6,6,12,None,17/03/2025,No Referral
1473,19-34,NZ European,Govt Support,Female and Children,1 to 2,8,16,None,4/02/2025,No Referral
1474,50-64,Pasifika,Govt Support,Partners with Children,3 to 6,8,16,Financial Mentoring,9/10/2024,Financial Mentoring
1475,19-34,NZ European,Govt Support,Female and Children,1 to 2,9,18,None,16/11/2024,No Referral
1476,35-49,Māori ,Govt Support,Single Male,3 to 6,1,2,None,8/01/2025,No Referral
1477,19-34,NZ European,Govt Support,Female and Children,1 to 2,2,4,None,24/11/2024,No Referral
1478,50-64,East Asian,No Income,Partners with Children,7 to 12,2,4,None,4/02/2025,No Referral
1479,19-34,NZ European,Govt Support,Female and Children,1 to 2,4,8,Financial Mentoring,20/11/2024,Financial Mentoring
1480,35-49,Pasifika,Govt Support,Single Female,3 to 6,10,20,None,30/01/2025,No Referral
1481,35-49,Māori ,Govt Support,Single Male,3 to 6,10,20,None,15/01/2025,No Referral
1482,50-64,Other,Personal/Private,Partners with Children,7 to 12,7,14,None,23/03/2025,No Referral
1483,50-64,Other,Personal/Private,Partners with Children,7 to 12,10,20,None,22/11/2024,No Referral
1484,35-49,NZ European,Govt Support,Female and Children,3 to 6,1,2,None,29/03/2025,No Referral
1485,19-34,NZ European,Govt Support,Female and Children,1 to 2,5,10,None,7/11/2024,No Referral
1486,35-49,Māori ,Govt Support,Single Female,3 to 6,4,8,None,16/12/2024,No Referral
1487,19-34,NZ European,Govt Support,Female and Children,1 to 2,10,20,None,1/02/2025,No Referral
1488,35-49,NZ European,Govt Support,Female and Children,1 to 2,1,2,Financial Mentoring,6/11/2024,Financial Mentoring
1489,35-49,NZ European,Govt Support,Female and Children,1 to 2,6,12,None,10/03/2025,No Referral
1490,35-49,NZ European,Govt Support,Female and Children,1 to 2,2,4,None,8/11/2024,No Referral
1491,19-34,NZ European,Govt Support,Female and Children,1 to 2,7,14,None,8/12/2024,No Referral
1492,35-49,Māori ,Govt Support,Single Male,3 to 6,4,8,Financial Mentoring,18/10/2024,Financial Mentoring
1493,50-64,Pasifika,Govt Support,Partners with Children,3 to 6,2,4,Financial Mentoring,5/11/2024,Financial Mentoring
1494,19-34,NZ European,Govt Support,Female and Children,1 to 2,5,10,Financial Mentoring,21/10/2024,Financial Mentoring
1495,19-34,NZ European,Govt Support,Female and Children,1 to 2,10,20,None,29/11/2024,No Referral
1496,50-64,Other,No Income,Partners with Children,7 to 12,7,14,Financial Mentoring,30/01/2025,Financial Mentoring
1497,35-49,Māori ,Govt Support,Single Male,3 to 6,9,18,None,20/03/2025,No Referral
1498,35-49,NZ European,Govt Support,Female and Children,1 to 2,1,2,Financial Mentoring,19/02/2025,Financial Mentoring
1499,35-49,NZ European,Govt Support,Female and Children,1 to 2,9,18,None,6/12/2024,No Referral
1500,19-34,NZ European,Govt Support,Female and Children,1 to 2,6,12,Financial Mentoring,15/10/2024,Financial Mentoring
1501,50-64,East Asian,No Income,Partners with Children,7 to 12,6,12,Financial Mentoring,13/10/2024,Financial Mentoring
1502,19-34,NZ European,Govt Support,Female and Children,1 to 2,7,14,None,12/12/2024,No Referral
1503,65+,Other,Personal/Private,Male and Children,7 to 12,1,2,None,20/02/2025,No Referral
1504,35-49,Māori ,Govt Support,Single Male,3 to 6,5,10,None,22/10/2024,No Referral
1505,35-49,Māori ,Govt Support,Single Female,3 to 6,1,2,Financial Mentoring,13/11/2024,Financial Mentoring
1506,19-34,NZ European,Govt Support,Female and Children,1 to 2,7,14,None,6/12/2024,No Referral
1507,35-49,NZ European,Govt Support,Single Male,3 to 6,10,20,None,11/02/2025,No Referral
1508,35-49,Māori ,Govt Support,Single Male,3 to 6,5,10,Financial Mentoring,14/10/2024,Financial Mentoring
1509,19-34,NZ European,Govt Support,Female and Children,1 to 2,6,12,None,31/10/2024,No Referral
1510,35-49,Māori ,Govt Support,Single Female,3 to 6,3,6,None,25/01/2025,No Referral
1511,35-49,NZ European,Govt Support,Female and Children,1 to 2,5,10,Financial Mentoring,16/02/2025,Financial Mentoring
1512,35-49,Māori ,Govt Support,Single Male,3 to 6,6,12,None,20/03/2025,No Referral
1513,35-49,NZ European,Govt Support,Female and Children,1 to 2,3,6,Financial Mentoring,7/01/2025,Financial Mentoring
1514,35-49,Māori ,Govt Support,Single Female,3 to 6,7,14,Financial Mentoring,11/03/2025,Financial Mentoring
1515,19-34,NZ European,Govt Support,Female and Children,1 to 2,5,10,Financial Mentoring,26/12/2024,Financial Mentoring
1516,35-49,Māori ,Govt Support,Single Male,3 to 6,8,16,None,2/02/2025,No Referral
1517,50-64,Pasifika,Govt Support,Single Female,3 to 6,1,2,None,18/10/2024,No Referral
1518,50-64,Other,Personal/Private,Partners with Children,7 to 12,10,20,Financial Mentoring,24/03/2025,Financial Mentoring
1519,50-64,Pasifika,Govt Support,Partners with Children,3 to 6,2,4,None,20/10/2024,No Referral
1520,35-49,Māori ,Govt Support,Single Female,3 to 6,1,2,None,1/11/2024,No Referral
1521,35-49,Māori ,Govt Support,Single Female,3 to 6,7,14,None,29/11/2024,No Referral
1522,19-34,NZ European,Govt Support,Female and Children,1 to 2,2,4,None,3/03/2025,No Referral
1523,19-34,NZ European,Govt Support,Female and Children,1 to 2,7,14,None,10/03/2025,No Referral
1524,50-64,Other,Personal/Private,Partners with Children,7 to 12,6,12,None,3/02/2025,No Referral
1525,35-49,Māori ,Govt Support,Single Male,3 to 6,1,2,None,15/11/2024,No Referral
1526,65+,Other,Personal/Private,Male and Children,25+,2,4,None,25/01/2025,No Referral
1527,19-34,NZ European,Govt Support,Female and Children,1 to 2,9,18,None,11/01/2025,No Referral
1528,50-64,East Asian,No Income,Partners with Children,7 to 12,9,18,None,1/03/2025,No Referral
1529,50-64,Pasifika,Govt Support,Partners with Children,3 to 6,5,10,None,16/02/2025,No Referral
1530,35-49,Māori ,Govt Support,Single Male,3 to 6,3,6,None,14/11/2024,No Referral
1531,35-49,Māori ,Govt Support,Single Female,3 to 6,8,16,None,21/11/2024,No Referral
1532,35-49,Māori ,Govt Support,Single Female,3 to 6,4,8,None,5/11/2024,No Referral
1533,35-49,Māori ,Govt Support,Single Female,3 to 6,4,8,None,17/02/2025,No Referral
1534,35-49,Māori ,Govt Support,Single Male,3 to 6,8,16,Financial Mentoring,17/12/2024,Financial Mentoring
1535,19-34,NZ European,Govt Support,Female and Children,1 to 2,8,16,Financial Mentoring,6/01/2025,Financial Mentoring
1536,35-49,Māori ,Govt Support,Single Male,3 to 6,9,18,None,2/11/2024,No Referral
1537,19-34,NZ European,Govt Support,Female and Children,1 to 2,4,8,None,18/11/2024,No Referral
1538,19-34,NZ European,Govt Support,Female and Children,1 to 2,4,8,Financial Mentoring,15/02/2025,Financial Mentoring
1539,19-34,NZ European,Govt Support,Female and Children,1 to 2,4,8,None,18/10/2024,No Referral
1540,35-49,NZ European,Govt Support,Female and Children,1 to 2,6,12,None,5/02/2025,No Referral
1541,35-49,Māori ,Govt Support,Single Male,3 to 6,5,10,None,19/02/2025,No Referral
1542,35-49,Māori ,Govt Support,Single Male,3 to 6,7,14,None,18/02/2025,No Referral
1543,35-49,Māori ,Govt Support,Single Male,3 to 6,3,6,None,20/12/2024,No Referral
1544,19-34,NZ European,Govt Support,Female and Children,1 to 2,2,4,None,26/03/2025,No Referral
1545,35-49,Māori ,Govt Support,Single Female,3 to 6,7,14,None,22/11/2024,No Referral
1546,35-49,Māori ,Govt Support,Single Male,3 to 6,10,20,Financial Mentoring,19/03/2025,Financial Mentoring
1547,35-49,Māori ,Govt Support,Single Male,3 to 6,3,6,None,21/01/2025,No Referral
1548,19-34,NZ European,Govt Support,Female and Children,1 to 2,2,4,None,26/03/2025,No Referral
1549,50-64,East Asian,No Income,Partners with Children,7 to 12,10,20,None,19/01/2025,No Referral
1550,50-64,Other,Personal/Private,Partners with Children,7 to 12,2,4,None,28/01/2025,No Referral
1551,35-49,Māori ,Govt Support,Single Female,3 to 6,2,4,None,31/10/2024,No Referral
1552,35-49,NZ European,Govt Support,Female and Children,1 to 2,6,12,None,13/03/2025,No Referral
1553,35-49,Māori ,Govt Support,Single Male,3 to 6,9,18,None,26/12/2024,No Referral
1554,35-49,Māori ,Govt Support,Single Male,3 to 6,9,18,None,19/11/2024,No Referral
1555,19-34,NZ European,Govt Support,Female and Children,1 to 2,6,12,None,11/12/2024,No Referral
1556,35-49,Māori ,Govt Support,Single Male,3 to 6,10,20,Financial Mentoring,1/11/2024,Financial Mentoring
1557,19-34,NZ European,Govt Support,Female and Children,1 to 2,4,8,None,22/12/2024,No Referral
1558,19-34,NZ European,Govt Support,Female and Children,1 to 2,4,8,Financial Mentoring,28/11/2024,Financial Mentoring
1559,35-49,NZ European,Govt Support,Female and Children,1 to 2,7,14,None,21/03/2025,No Referral
1560,19-34,NZ European,Govt Support,Female and Children,1 to 2,1,2,None,19/12/2024,No Referral
1561,35-49,Māori ,Govt Support,Single Male,3 to 6,3,6,Financial Mentoring,11/10/2024,Financial Mentoring
1562,35-49,NZ European,Govt Support,Female and Children,1 to 2,6,12,None,12/12/2024,No Referral
1563,19-34,NZ European,Govt Support,Female and Children,1 to 2,8,16,None,6/02/2025,No Referral
1564,35-49,Māori ,Govt Support,Single Female,3 to 6,2,4,None,6/01/2025,No Referral
1565,50-64,Other,No Income,Partners with Children,7 to 12,8,16,None,2/10/2024,No Referral
1566,35-49,NZ European,Govt Support,Female and Children,1 to 2,3,6,Financial Mentoring,23/02/2025,Financial Mentoring
1567,35-49,Māori ,Govt Support,Single Male,3 to 6,2,4,None,18/11/2024,No Referral
1568,50-64,East Asian,No Income,Partners with Children,7 to 12,6,12,None,23/02/2025,No Referral
1569,35-49,Māori ,Govt Support,Single Female,3 to 6,1,2,Financial Mentoring,30/03/2025,Financial Mentoring
1570,50-64,Other,Personal/Private,Partners with Children,7 to 12,7,14,None,11/10/2024,No Referral
1571,19-34,NZ European,Govt Support,Female and Children,1 to 2,5,10,None,10/10/2024,No Referral
1572,35-49,Māori ,Govt Support,Single Male,3 to 6,4,8,Financial Mentoring,17/12/2024,Financial Mentoring
1573,35-49,Māori ,Govt Support,Single Male,3 to 6,1,2,None,16/10/2024,No Referral
1574,19-34,NZ European,Govt Support,Female and Children,1 to 2,6,12,None,18/01/2025,No Referral
1575,19-34,NZ European,Govt Support,Female and Children,1 to 2,9,18,None,8/11/2024,No Referral
1576,35-49,Māori ,Govt Support,Single Male,3 to 6,6,12,None,28/11/2024,No Referral
1577,50-64,Other,Personal/Private,Partners with Children,7 to 12,2,4,None,27/12/2024,No Referral
1578,35-49,Māori ,Govt Support,Single Female,3 to 6,4,8,None,23/12/2024,No Referral
1579,50-64,Other,No Income,Partners with Children,7 to 12,9,18,None,4/03/2025,No Referral
1580,35-49,Māori ,Govt Support,Single Male,3 to 6,1,2,None,29/03/2025,No Referral
1581,50-64,Pasifika,Govt Support,Single Female,3 to 6,3,6,Financial Mentoring,29/10/2024,Financial Mentoring
1582,19-34,NZ European,Govt Support,Female and Children,1 to 2,8,16,Financial Mentoring,23/11/2024,Financial Mentoring
1583,<18,NZ European,Govt Support,Female and Children,1 to 2,9,18,Financial Mentoring,19/11/2024,Financial Mentoring
1584,35-49,Māori ,Govt Support,Single Male,3 to 6,7,14,None,25/02/2025,No Referral
1585,50-64,East Asian,No Income,Partners with Children,7 to 12,5,10,None,6/11/2024,No Referral
1586,50-64,Pasifika,Govt Support,Single Female,3 to 6,8,16,None,9/01/2025,No Referral
1587,19-34,NZ European,Govt Support,Female and Children,1 to 2,7,14,Financial Mentoring,15/10/2024,Financial Mentoring
1588,35-49,NZ European,Govt Support,Female and Children,1 to 2,3,6,None,6/02/2025,No Referral
1589,35-49,NZ European,Govt Support,Female and Children,1 to 2,2,4,None,16/03/2025,No Referral
1590,35-49,Māori ,Govt Support,Single Male,3 to 6,10,20,None,9/12/2024,No Referral
1591,50-64,Pasifika,Govt Support,Single Female,3 to 6,7,14,None,12/11/2024,No Referral
1592,35-49,Māori ,Govt Support,Single Male,3 to 6,10,20,None,24/11/2024,No Referral
1593,50-64,East Asian,No Income,Partners with Children,7 to 12,1,2,Financial Mentoring,17/12/2024,Financial Mentoring
1594,35-49,Māori ,Govt Support,Single Female,3 to 6,8,16,None,26/02/2025,No Referral
1595,50-64,Other,No Income,Partners with Children,7 to 12,5,10,None,23/11/2024,No Referral
1596,35-49,Māori ,Govt Support,Single Male,3 to 6,7,14,None,10/02/2025,No Referral
1597,35-49,Māori ,Govt Support,Single Female,3 to 6,8,16,None,7/11/2024,No Referral
1598,19-34,NZ European,Govt Support,Female and Children,1 to 2,5,10,Financial Mentoring,26/01/2025,Financial Mentoring
1599,19-34,NZ European,Govt Support,Female and Children,1 to 2,10,20,None,21/01/2025,No Referral
1600,50-64,Pasifika,Govt Support,Partners with Children,3 to 6,3,6,None,14/02/2025,No Referral
1601,19-34,NZ European,Govt Support,Female and Children,1 to 2,3,6,None,4/11/2024,No Referral
1602,50-64,Pasifika,Govt Support,Partners with Children,3 to 6,4,8,Financial Mentoring,10/12/2024,Financial Mentoring
1603,19-34,NZ European,Govt Support,Female and Children,1 to 2,10,20,None,4/03/2025,No Referral
1604,35-49,Māori ,Govt Support,Single Male,3 to 6,9,18,None,6/10/2024,No Referral
1605,35-49,NZ European,Govt Support,Female and Children,1 to 2,3,6,Financial Mentoring,20/10/2024,Financial Mentoring
1606,35-49,Māori ,Govt Support,Single Male,3 to 6,1,2,Financial Mentoring,22/03/2025,Financial Mentoring
1607,35-49,Māori ,Govt Support,Single Male,3 to 6,7,14,None,1/02/2025,No Referral
1608,50-64,Other,No Income,Partners with Children,7 to 12,3,6,None,30/11/2024,No Referral
1609,35-49,Māori ,Govt Support,Single Female,3 to 6,10,20,None,30/11/2024,No Referral
1610,19-34,NZ European,Govt Support,Female and Children,1 to 2,5,10,None,4/11/2024,No Referral
1611,50-64,Pasifika,Govt Support,Single Female,3 to 6,9,18,None,8/10/2024,No Referral
1612,35-49,Māori ,Govt Support,Single Male,3 to 6,10,20,None,7/12/2024,No Referral
1613,50-64,Other,Personal/Private,Partners with Children,7 to 12,7,14,Financial Mentoring,5/11/2024,Financial Mentoring
1614,35-49,NZ European,Govt Support,Female and Children,1 to 2,7,14,Financial Mentoring,23/11/2024,Financial Mentoring
1615,35-49,Māori ,Govt Support,Single Male,3 to 6,4,8,None,17/10/2024,No Referral
1616,35-49,NZ European,Govt Support,Single Male,3 to 6,9,18,Financial Mentoring,16/12/2024,Financial Mentoring
1617,19-34,NZ European,Govt Support,Female and Children,1 to 2,7,14,None,6/01/2025,No Referral
1618,50-64,East Asian,No Income,Partners with Children,7 to 12,2,4,Financial Mentoring,28/11/2024,Financial Mentoring
1619,35-49,Māori ,Govt Support,Single Male,3 to 6,6,12,Financial Mentoring,22/11/2024,Financial Mentoring
1620,35-49,Māori ,Govt Support,Single Female,3 to 6,4,8,None,31/01/2025,No Referral
1621,19-34,NZ European,Govt Support,Female and Children,1 to 2,6,12,Financial Mentoring,18/01/2025,Financial Mentoring
1622,35-49,Māori ,Govt Support,Single Male,3 to 6,9,18,None,24/12/2024,No Referral
1623,19-34,NZ European,Govt Support,Female and Children,1 to 2,1,2,None,5/03/2025,No Referral
1624,19-34,NZ European,Govt Support,Female and Children,1 to 2,8,16,None,19/01/2025,No Referral
1625,19-34,NZ European,Govt Support,Female and Children,1 to 2,6,12,None,18/10/2024,No Referral
1626,50-64,East Asian,No Income,Partners with Children,7 to 12,7,14,None,28/10/2024,No Referral
1627,35-49,Pasifika,Govt Support,Single Female,3 to 6,10,20,None,11/01/2025,No Referral
1628,50-64,Other,No Income,Partners with Children,7 to 12,4,8,None,26/12/2024,No Referral
1629,65+,Other,Personal/Private,Male and Children,13 to 24,2,4,None,25/12/2024,No Referral
1630,50-64,East Asian,No Income,Partners with Children,7 to 12,3,6,None,6/02/2025,No Referral
1631,35-49,Māori ,Govt Support,Single Male,3 to 6,4,8,Financial Mentoring,15/11/2024,Financial Mentoring
1632,19-34,NZ European,Govt Support,Female and Children,1 to 2,5,10,None,22/10/2024,No Referral
1633,19-34,NZ European,Govt Support,Female and Children,1 to 2,5,10,Financial Mentoring,30/01/2025,Financial Mentoring
1634,19-34,NZ European,Govt Support,Female and Children,1 to 2,9,18,None,5/02/2025,No Referral
1635,19-34,NZ European,Govt Support,Female and Children,1 to 2,8,16,None,23/12/2024,No Referral
1636,35-49,Māori ,Govt Support,Single Male,3 to 6,4,8,Financial Mentoring,13/10/2024,Financial Mentoring
1637,19-34,NZ European,Govt Support,Female and Children,1 to 2,10,20,None,12/11/2024,No Referral
1638,35-49,Māori ,Govt Support,Single Male,3 to 6,10,20,None,17/11/2024,No Referral
1639,19-34,NZ European,Govt Support,Female and Children,1 to 2,4,8,Financial Mentoring,22/02/2025,Financial Mentoring
1640,35-49,Pasifika,Govt Support,Single Female,3 to 6,9,18,Financial Mentoring,18/10/2024,Financial Mentoring
1641,50-64,East Asian,No Income,Partners with Children,7 to 12,6,12,None,5/02/2025,No Referral
1642,50-64,East Asian,No Income,Partners with Children,7 to 12,10,20,Financial Mentoring,9/01/2025,Financial Mentoring
1643,35-49,NZ European,Govt Support,Female and Children,3 to 6,6,12,None,2/01/2025,No Referral
1644,35-49,NZ European,Govt Support,Female and Children,1 to 2,9,18,None,9/02/2025,No Referral
1645,50-64,Pasifika,Govt Support,Single Female,3 to 6,1,2,Financial Mentoring,10/02/2025,Financial Mentoring
1646,50-64,East Asian,No Income,Partners with Children,7 to 12,1,2,None,29/10/2024,No Referral
1647,19-34,NZ European,Govt Support,Female and Children,1 to 2,4,8,None,19/02/2025,No Referral
1648,35-49,Māori ,Govt Support,Single Female,3 to 6,2,4,None,1/01/2025,No Referral
1649,35-49,Māori ,Govt Support,Single Male,3 to 6,8,16,None,12/11/2024,No Referral
1650,19-34,NZ European,Govt Support,Female and Children,1 to 2,2,4,None,30/11/2024,No Referral
1651,19-34,NZ European,Govt Support,Female and Children,1 to 2,1,2,Financial Mentoring,7/03/2025,Financial Mentoring
1652,35-49,Māori ,Govt Support,Single Male,3 to 6,8,16,Financial Mentoring,15/03/2025,Financial Mentoring
1653,50-64,Pasifika,Govt Support,Single Female,3 to 6,10,20,Financial Mentoring,27/11/2024,Financial Mentoring
1654,65+,Other,Personal/Private,Male and Children,7 to 12,5,10,Financial Mentoring,1/10/2024,Financial Mentoring
1655,19-34,NZ European,Govt Support,Female and Children,1 to 2,4,8,Financial Mentoring,19/11/2024,Financial Mentoring
1656,35-49,Māori ,Govt Support,Single Female,3 to 6,4,8,None,8/02/2025,No Referral
1657,19-34,NZ European,Govt Support,Female and Children,1 to 2,4,8,Financial Mentoring,24/11/2024,Financial Mentoring
1658,35-49,Māori ,Govt Support,Single Male,3 to 6,8,16,Financial Mentoring,30/10/2024,Financial Mentoring
1659,50-64,East Asian,No Income,Partners with Children,7 to 12,1,2,Financial Mentoring,21/12/2024,Financial Mentoring
1660,35-49,Māori ,Govt Support,Single Male,3 to 6,4,8,None,21/02/2025,No Referral
1661,19-34,NZ European,Govt Support,Female and Children,1 to 2,6,12,None,20/01/2025,No Referral
1662,35-49,Māori ,Govt Support,Single Male,3 to 6,5,10,None,23/01/2025,No Referral
1663,35-49,Māori ,Govt Support,Single Male,3 to 6,1,2,None,27/11/2024,No Referral
1664,19-34,NZ European,Govt Support,Female and Children,1 to 2,2,4,None,16/10/2024,No Referral
1665,35-49,Māori ,Govt Support,Single Male,3 to 6,9,18,Financial Mentoring,4/12/2024,Financial Mentoring
1666,65+,Other,Personal/Private,Male and Children,13 to 24,1,2,Financial Mentoring,20/11/2024,Financial Mentoring
1667,19-34,NZ European,Govt Support,Female and Children,1 to 2,3,6,None,26/11/2024,No Referral
1668,35-49,NZ European,Govt Support,Female and Children,1 to 2,9,18,None,15/02/2025,No Referral
1669,35-49,Māori ,Govt Support,Single Male,3 to 6,5,10,None,5/11/2024,No Referral
1670,35-49,NZ European,Govt Support,Female and Children,1 to 2,7,14,Financial Mentoring,10/11/2024,Financial Mentoring
1671,35-49,Māori ,Govt Support,Single Female,3 to 6,8,16,None,29/01/2025,No Referral
1672,19-34,NZ European,Govt Support,Female and Children,1 to 2,6,12,None,10/01/2025,No Referral
1673,19-34,NZ European,Govt Support,Female and Children,1 to 2,6,12,None,26/02/2025,No Referral
1674,50-64,Other,Personal/Private,Partners with Children,7 to 12,5,10,None,14/10/2024,No Referral
1675,35-49,Māori ,Govt Support,Single Female,3 to 6,5,10,None,27/11/2024,No Referral
1676,19-34,NZ European,Govt Support,Female and Children,1 to 2,8,16,Financial Mentoring,28/02/2025,Financial Mentoring
1677,35-49,Māori ,Govt Support,Single Male,3 to 6,3,6,None,2/01/2025,No Referral
1678,19-34,NZ European,Govt Support,Female and Children,1 to 2,6,12,None,14/11/2024,No Referral
1679,50-64,Pasifika,Govt Support,Partners with Children,3 to 6,10,20,None,11/12/2024,No Referral
1680,35-49,Māori ,Govt Support,Single Female,3 to 6,5,10,None,6/11/2024,No Referral
1681,19-34,NZ European,Govt Support,Female and Children,1 to 2,9,18,None,5/12/2024,No Referral
1682,50-64,Pasifika,Govt Support,Partners with Children,3 to 6,2,4,None,25/10/2024,No Referral
1683,50-64,Pasifika,Govt Support,Single Female,3 to 6,6,12,None,25/10/2024,No Referral
1684,35-49,Māori ,Govt Support,Single Male,3 to 6,5,10,Financial Mentoring,15/01/2025,Financial Mentoring
1685,19-34,NZ European,Govt Support,Female and Children,1 to 2,7,14,None,18/03/2025,No Referral
1686,50-64,Pasifika,Govt Support,Single Female,3 to 6,5,10,None,8/02/2025,No Referral
1687,35-49,Māori ,Govt Support,Single Male,3 to 6,9,18,Financial Mentoring,29/01/2025,Financial Mentoring
1688,35-49,Māori ,Govt Support,Single Male,3 to 6,5,10,None,21/11/2024,No Referral
1689,35-49,Māori ,Govt Support,Single Male,3 to 6,4,8,None,23/02/2025,No Referral
1690,50-64,Other,Personal/Private,Partners with Children,7 to 12,7,14,None,5/02/2025,No Referral
1691,35-49,Māori ,Govt Support,Single Female,3 to 6,9,18,None,4/03/2025,No Referral
1692,35-49,Māori ,Govt Support,Single Male,3 to 6,3,6,Financial Mentoring,11/02/2025,Financial Mentoring
1693,50-64,East Asian,No Income,Partners with Children,7 to 12,10,20,Financial Mentoring,18/10/2024,Financial Mentoring
1694,50-64,Pasifika,Govt Support,Partners with Children,3 to 6,8,16,Financial Mentoring,28/02/2025,Financial Mentoring
1695,19-34,NZ European,Govt Support,Female and Children,1 to 2,6,12,Financial Mentoring,2/11/2024,Financial Mentoring
1696,50-64,East Asian,No Income,Partners with Children,7 to 12,4,8,None,27/01/2025,No Referral
1697,50-64,Pasifika,Govt Support,Single Female,3 to 6,4,8,Financial Mentoring,8/11/2024,Financial Mentoring
1698,19-34,NZ European,Govt Support,Female and Children,1 to 2,10,20,Financial Mentoring,4/01/2025,Financial Mentoring
1699,50-64,East Asian,Govt Support,Partners with Children,7 to 12,1,2,None,10/12/2024,No Referral
1700,19-34,NZ European,Govt Support,Female and Children,1 to 2,3,6,None,19/03/2025,No Referral
1701,65+,Other,Personal/Private,Partners with Children,7 to 12,2,4,None,25/11/2024,No Referral
1702,19-34,NZ European,Govt Support,Female and Children,1 to 2,3,6,None,7/01/2025,No Referral
1703,35-49,Māori ,Govt Support,Single Female,3 to 6,8,16,None,27/02/2025,No Referral
1704,50-64,Pasifika,Govt Support,Single Female,3 to 6,6,12,Financial Mentoring,12/12/2024,Financial Mentoring
1705,35-49,Māori ,Govt Support,Single Male,3 to 6,5,10,None,1/10/2024,No Referral
1706,19-34,NZ European,Govt Support,Female and Children,1 to 2,4,8,Financial Mentoring,23/10/2024,Financial Mentoring
1707,35-49,Māori ,Govt Support,Single Male,3 to 6,8,16,Financial Mentoring,10/01/2025,Financial Mentoring
1708,19-34,NZ European,Govt Support,Female and Children,1 to 2,1,2,None,25/03/2025,No Referral
1709,35-49,Māori ,Govt Support,Single Male,3 to 6,10,20,Financial Mentoring,31/03/2025,Financial Mentoring
1710,50-64,East Asian,No Income,Partners with Children,7 to 12,2,4,None,23/11/2024,No Referral
1711,50-64,Pasifika,Govt Support,Single Female,3 to 6,10,20,Financial Mentoring,14/12/2024,Financial Mentoring
1712,35-49,Māori ,Govt Support,Single Female,3 to 6,8,16,None,1/12/2024,No Referral
1713,50-64,Pasifika,Govt Support,Single Female,3 to 6,6,12,None,18/03/2025,No Referral
1714,35-49,Māori ,Govt Support,Single Male,3 to 6,4,8,None,11/10/2024,No Referral
1715,35-49,Māori ,Govt Support,Single Female,3 to 6,6,12,Financial Mentoring,25/12/2024,Financial Mentoring
1716,35-49,Māori ,Govt Support,Single Male,3 to 6,4,8,None,18/10/2024,No Referral
1717,19-34,NZ European,Govt Support,Female and Children,1 to 2,2,4,Financial Mentoring,10/12/2024,Financial Mentoring
1718,35-49,Māori ,Govt Support,Single Female,3 to 6,6,12,Financial Mentoring,1/03/2025,Financial Mentoring
1719,50-64,Pasifika,Govt Support,Single Female,3 to 6,10,20,None,20/03/2025,No Referral
1720,35-49,NZ European,Govt Support,Female and Children,1 to 2,3,6,None,16/12/2024,No Referral
1721,19-34,NZ European,Govt Support,Female and Children,1 to 2,10,20,None,17/02/2025,No Referral
1722,19-34,NZ European,Govt Support,Female and Children,1 to 2,4,8,None,17/01/2025,No Referral
1723,35-49,Māori ,Govt Support,Single Male,3 to 6,4,8,None,30/11/2024,No Referral
1724,35-49,Māori ,Govt Support,Single Male,3 to 6,6,12,None,31/12/2024,No Referral
1725,19-34,NZ European,Govt Support,Female and Children,1 to 2,2,4,None,23/12/2024,No Referral
1726,19-34,NZ European,Govt Support,Female and Children,1 to 2,3,6,Financial Mentoring,25/10/2024,Financial Mentoring
1727,50-64,Other,Personal/Private,Partners with Children,7 to 12,4,8,None,3/03/2025,No Referral
1728,35-49,NZ European,Govt Support,Female and Children,1 to 2,5,10,Financial Mentoring,20/12/2024,Financial Mentoring
1729,19-34,NZ European,Govt Support,Female and Children,1 to 2,3,6,None,25/10/2024,No Referral
1730,35-49,NZ European,Govt Support,Female and Children,1 to 2,9,18,Financial Mentoring,23/12/2024,Financial Mentoring
1731,50-64,Other,No Income,Partners with Children,7 to 12,4,8,None,2/11/2024,No Referral
1732,35-49,NZ European,Govt Support,Female and Children,1 to 2,6,12,Financial Mentoring,24/03/2025,Financial Mentoring
1733,35-49,Māori ,Govt Support,Single Male,3 to 6,4,8,None,22/10/2024,No Referral
1734,50-64,Pasifika,Govt Support,Single Female,3 to 6,5,10,None,3/02/2025,No Referral
1735,35-49,Māori ,Govt Support,Single Male,3 to 6,5,10,None,11/02/2025,No Referral
1736,35-49,Māori ,Govt Support,Single Male,3 to 6,6,12,None,6/03/2025,No Referral
1737,35-49,NZ European,Govt Support,Female and Children,1 to 2,2,4,None,4/03/2025,No Referral
1738,19-34,NZ European,Govt Support,Female and Children,1 to 2,10,20,None,16/10/2024,No Referral
1739,35-49,Māori ,Govt Support,Single Male,3 to 6,2,4,None,28/01/2025,No Referral
1740,35-49,Māori ,Govt Support,Single Male,3 to 6,9,18,None,29/01/2025,No Referral
1741,19-34,NZ European,Govt Support,Female and Children,1 to 2,4,8,None,9/11/2024,No Referral
1742,19-34,NZ European,Govt Support,Female and Children,1 to 2,8,16,Financial Mentoring,7/02/2025,Financial Mentoring
1743,35-49,Māori ,Govt Support,Single Male,3 to 6,4,8,None,19/02/2025,No Referral
1744,50-64,East Asian,No Income,Partners with Children,7 to 12,5,10,None,10/03/2025,No Referral
1745,50-64,Pasifika,Govt Support,Single Female,3 to 6,6,12,Financial Mentoring,2/10/2024,Financial Mentoring
1746,65+,Other,Personal/Private,Male and Children,7 to 12,1,2,None,26/01/2025,No Referral
1747,35-49,Māori ,Govt Support,Single Male,3 to 6,9,18,None,19/12/2024,No Referral
1748,65+,Other,Personal/Private,Male and Children,13 to 24,7,14,Financial Mentoring,10/01/2025,Financial Mentoring
1749,35-49,Māori ,Govt Support,Single Male,3 to 6,5,10,None,8/03/2025,No Referral
1750,65+,Other,Personal/Private,Male and Children,13 to 24,7,14,None,17/03/2025,No Referral
1751,35-49,Māori ,Govt Support,Single Male,3 to 6,1,2,Financial Mentoring,7/10/2024,Financial Mentoring
1752,19-34,NZ European,Govt Support,Female and Children,1 to 2,7,14,Financial Mentoring,26/11/2024,Financial Mentoring
1753,50-64,Other,Personal/Private,Partners with Children,7 to 12,1,2,Financial Mentoring,23/12/2024,Financial Mentoring
1754,35-49,Māori ,Govt Support,Single Female,3 to 6,5,10,None,22/10/2024,No Referral
1755,35-49,Māori ,Govt Support,Single Male,3 to 6,7,14,None,27/11/2024,No Referral
1756,19-34,NZ European,Govt Support,Female and Children,1 to 2,7,14,None,4/02/2025,No Referral
1757,35-49,Māori ,Govt Support,Single Male,3 to 6,3,6,None,21/10/2024,No Referral
1758,19-34,NZ European,Govt Support,Female and Children,1 to 2,8,16,Financial Mentoring,2/10/2024,Financial Mentoring
1759,50-64,East Asian,No Income,Partners with Children,7 to 12,2,4,Financial Mentoring,20/02/2025,Financial Mentoring
1760,35-49,Māori ,Govt Support,Single Male,3 to 6,9,18,Financial Mentoring,8/03/2025,Financial Mentoring
1761,19-34,NZ European,Govt Support,Female and Children,1 to 2,1,2,None,2/02/2025,No Referral
1762,19-34,NZ European,Govt Support,Female and Children,1 to 2,5,10,None,23/11/2024,No Referral
1763,35-49,Māori ,Govt Support,Single Male,3 to 6,4,8,None,30/11/2024,No Referral
1764,50-64,Pasifika,Govt Support,Partners with Children,3 to 6,5,10,None,6/01/2025,No Referral
1765,35-49,Māori ,Govt Support,Single Male,3 to 6,10,20,None,1/10/2024,No Referral
1766,35-49,Māori ,Govt Support,Single Female,3 to 6,3,6,None,2/01/2025,No Referral
1767,19-34,NZ European,Govt Support,Female and Children,1 to 2,3,6,None,25/01/2025,No Referral
1768,35-49,Māori ,Govt Support,Single Male,3 to 6,6,12,None,4/10/2024,No Referral
1769,19-34,NZ European,Govt Support,Female and Children,1 to 2,3,6,Financial Mentoring,10/11/2024,Financial Mentoring
1770,35-49,Māori ,Govt Support,Single Male,3 to 6,1,2,Financial Mentoring,26/02/2025,Financial Mentoring
1771,19-34,NZ European,Govt Support,Female and Children,1 to 2,4,8,None,6/12/2024,No Referral
1772,35-49,NZ European,Govt Support,Female and Children,1 to 2,7,14,None,2/10/2024,No Referral
1773,50-64,East Asian,No Income,Partners with Children,7 to 12,1,2,None,12/10/2024,No Referral
1774,35-49,Māori ,Govt Support,Single Male,3 to 6,3,6,None,8/01/2025,No Referral
1775,19-34,NZ European,Govt Support,Female and Children,1 to 2,8,16,None,26/02/2025,No Referral
1776,35-49,Māori ,Govt Support,Single Male,3 to 6,10,20,Financial Mentoring,3/03/2025,Financial Mentoring
1777,19-34,NZ European,Govt Support,Female and Children,1 to 2,10,20,Financial Mentoring,2/02/2025,Financial Mentoring
1778,35-49,Māori ,Govt Support,Single Male,3 to 6,6,12,None,4/02/2025,No Referral
1779,35-49,Māori ,Govt Support,Single Male,3 to 6,1,2,Financial Mentoring,28/12/2024,Financial Mentoring
1780,35-49,NZ European,Govt Support,Single Male,3 to 6,2,4,None,13/11/2024,No Referral
1781,19-34,NZ European,Govt Support,Female and Children,1 to 2,5,10,None,23/01/2025,No Referral
1782,19-34,NZ European,Govt Support,Female and Children,1 to 2,3,6,None,17/10/2024,No Referral
1783,65+,Other,Personal/Private,Male and Children,13 to 24,4,8,None,1/11/2024,No Referral
1784,19-34,NZ European,Govt Support,Female and Children,1 to 2,4,8,Financial Mentoring,22/01/2025,Financial Mentoring
1785,19-34,NZ European,Govt Support,Female and Children,1 to 2,5,10,Financial Mentoring,23/12/2024,Financial Mentoring
1786,50-64,East Asian,No Income,Partners with Children,7 to 12,1,2,None,19/11/2024,No Referral
1787,19-34,NZ European,Govt Support,Female and Children,1 to 2,9,18,None,29/03/2025,No Referral
1788,65+,Other,Personal/Private,Male and Children,7 to 12,1,2,None,16/11/2024,No Referral
1789,50-64,Pasifika,Govt Support,Single Female,3 to 6,8,16,Financial Mentoring,27/12/2024,Financial Mentoring
1790,65+,Other,Personal/Private,Male and Children,13 to 24,3,6,None,27/01/2025,No Referral
1791,19-34,NZ European,Govt Support,Female and Children,1 to 2,6,12,None,28/01/2025,No Referral
1792,50-64,East Asian,No Income,Partners with Children,7 to 12,4,8,None,25/11/2024,No Referral
1793,35-49,Māori ,Govt Support,Single Male,3 to 6,8,16,None,19/02/2025,No Referral
1794,65+,Other,Personal/Private,Male and Children,7 to 12,3,6,None,14/01/2025,No Referral
1795,19-34,NZ European,Govt Support,Female and Children,1 to 2,10,20,Financial Mentoring,9/11/2024,Financial Mentoring
1796,50-64,Other,Personal/Private,Partners with Children,7 to 12,4,8,Financial Mentoring,7/03/2025,Financial Mentoring
1797,50-64,East Asian,Govt Support,Partners with Children,3 to 6,8,16,Financial Mentoring,18/11/2024,Financial Mentoring
1798,35-49,Māori ,Govt Support,Single Male,3 to 6,9,18,Financial Mentoring,4/12/2024,Financial Mentoring
1799,19-34,NZ European,Govt Support,Female and Children,1 to 2,3,6,None,21/10/2024,No Referral
1800,35-49,Māori ,Govt Support,Single Female,3 to 6,2,4,None,24/02/2025,No Referral
1801,50-64,Pasifika,Govt Support,Partners with Children,3 to 6,2,4,None,18/03/2025,No Referral
1802,35-49,Māori ,Govt Support,Single Female,3 to 6,3,6,Financial Mentoring,13/03/2025,Financial Mentoring
1803,50-64,Other,No Income,Partners with Children,7 to 12,1,2,None,11/03/2025,No Referral
1804,35-49,Māori ,Govt Support,Single Male,3 to 6,6,12,None,20/11/2024,No Referral
1805,35-49,Pasifika,Govt Support,Single Female,3 to 6,6,12,None,15/11/2024,No Referral
1806,50-64,Pasifika,Govt Support,Single Female,3 to 6,9,18,Financial Mentoring,21/11/2024,Financial Mentoring
1807,19-34,NZ European,Govt Support,Female and Children,1 to 2,6,12,Financial Mentoring,26/10/2024,Financial Mentoring
1808,35-49,NZ European,Govt Support,Female and Children,1 to 2,10,20,None,31/12/2024,No Referral
1809,35-49,Māori ,Govt Support,Single Male,3 to 6,5,10,None,21/12/2024,No Referral
1810,19-34,NZ European,Govt Support,Female and Children,1 to 2,4,8,None,5/11/2024,No Referral
1811,19-34,NZ European,Govt Support,Female and Children,1 to 2,8,16,None,19/10/2024,No Referral
1812,35-49,Māori ,Govt Support,Single Female,3 to 6,8,16,None,2/10/2024,No Referral
1813,19-34,NZ European,Govt Support,Female and Children,1 to 2,5,10,Financial Mentoring,24/11/2024,Financial Mentoring
1814,50-64,Pasifika,Govt Support,Single Female,3 to 6,1,2,None,2/11/2024,No Referral
1815,35-49,Māori ,Govt Support,Single Female,3 to 6,4,8,None,23/01/2025,No Referral
1816,35-49,Māori ,Govt Support,Single Female,3 to 6,6,12,None,4/11/2024,No Referral
1817,35-49,Māori ,Govt Support,Single Male,3 to 6,10,20,None,5/03/2025,No Referral
1818,50-64,East Asian,No Income,Partners with Children,7 to 12,8,16,None,21/10/2024,No Referral
1819,19-34,NZ European,Govt Support,Female and Children,1 to 2,1,2,None,9/11/2024,No Referral
1820,35-49,Māori ,Govt Support,Single Female,3 to 6,4,8,None,22/01/2025,No Referral
1821,19-34,NZ European,Govt Support,Female and Children,1 to 2,8,16,None,8/02/2025,No Referral
1822,50-64,East Asian,No Income,Partners with Children,7 to 12,4,8,Financial Mentoring,30/12/2024,Financial Mentoring
1823,35-49,Māori ,Govt Support,Single Male,3 to 6,7,14,Financial Mentoring,2/03/2025,Financial Mentoring
1824,19-34,NZ European,Govt Support,Female and Children,1 to 2,10,20,None,21/10/2024,No Referral
1825,19-34,NZ European,Govt Support,Female and Children,1 to 2,5,10,Financial Mentoring,6/03/2025,Financial Mentoring
1826,35-49,Māori ,Govt Support,Single Male,3 to 6,1,2,Financial Mentoring,17/11/2024,Financial Mentoring
1827,50-64,East Asian,Govt Support,Partners with Children,3 to 6,4,8,Financial Mentoring,24/10/2024,Financial Mentoring
1828,50-64,East Asian,No Income,Partners with Children,7 to 12,1,2,None,25/11/2024,No Referral
1829,35-49,Māori ,Govt Support,Single Female,3 to 6,3,6,None,11/03/2025,No Referral
1830,50-64,Other,Personal/Private,Partners with Children,7 to 12,10,20,Financial Mentoring,11/12/2024,Financial Mentoring
1831,35-49,NZ European,Govt Support,Female and Children,3 to 6,7,14,Financial Mentoring,5/02/2025,Financial Mentoring
1832,50-64,East Asian,No Income,Partners with Children,7 to 12,2,4,None,18/10/2024,No Referral
1833,35-49,Māori ,Govt Support,Single Male,3 to 6,9,18,Financial Mentoring,6/01/2025,Financial Mentoring
1834,35-49,Māori ,Govt Support,Single Male,3 to 6,9,18,None,5/12/2024,No Referral
1835,19-34,NZ European,Govt Support,Female and Children,1 to 2,5,10,Financial Mentoring,10/02/2025,Financial Mentoring
1836,19-34,NZ European,Govt Support,Female and Children,1 to 2,4,8,None,2/01/2025,No Referral
1837,19-34,NZ European,Govt Support,Female and Children,1 to 2,4,8,Financial Mentoring,6/02/2025,Financial Mentoring
1838,19-34,NZ European,Govt Support,Female and Children,1 to 2,10,20,None,19/03/2025,No Referral
1839,35-49,Māori ,Govt Support,Single Male,3 to 6,8,16,Financial Mentoring,16/02/2025,Financial Mentoring
1840,50-64,Other,Personal/Private,Partners with Children,7 to 12,6,12,None,11/02/2025,No Referral
1841,19-34,NZ European,Govt Support,Female and Children,1 to 2,10,20,None,9/03/2025,No Referral
1842,50-64,East Asian,No Income,Partners with Children,7 to 12,5,10,None,22/12/2024,No Referral
1843,19-34,NZ European,Govt Support,Female and Children,1 to 2,10,20,None,28/11/2024,No Referral
1844,35-49,NZ European,Govt Support,Female and Children,1 to 2,2,4,Financial Mentoring,28/01/2025,Financial Mentoring
1845,65+,Other,Personal/Private,Male and Children,13 to 24,7,14,None,28/12/2024,No Referral
1846,65+,Other,Personal/Private,Male and Children,7 to 12,4,8,Financial Mentoring,17/01/2025,Financial Mentoring
1847,35-49,Māori ,Govt Support,Single Male,3 to 6,9,18,None,28/02/2025,No Referral
1848,50-64,East Asian,No Income,Partners with Children,7 to 12,10,20,None,20/02/2025,No Referral
1849,50-64,Pasifika,Govt Support,Single Female,3 to 6,4,8,None,21/03/2025,No Referral
1850,35-49,Māori ,Govt Support,Single Male,3 to 6,1,2,None,25/01/2025,No Referral
1851,35-49,NZ European,Govt Support,Female and Children,1 to 2,9,18,None,4/12/2024,No Referral
1852,19-34,NZ European,Govt Support,Female and Children,1 to 2,5,10,Financial Mentoring,2/01/2025,Financial Mentoring
1853,50-64,East Asian,No Income,Partners with Children,7 to 12,2,4,Financial Mentoring,3/11/2024,Financial Mentoring
1854,65+,Other,Personal/Private,Male and Children,7 to 12,2,4,None,14/12/2024,No Referral
1855,35-49,Māori ,Govt Support,Single Male,3 to 6,7,14,None,10/02/2025,No Referral
1856,19-34,NZ European,Govt Support,Female and Children,1 to 2,6,12,None,2/11/2024,No Referral
1857,35-49,NZ European,Govt Support,Female and Children,1 to 2,10,20,Financial Mentoring,3/12/2024,Financial Mentoring
1858,19-34,NZ European,Govt Support,Female and Children,1 to 2,8,16,None,7/03/2025,No Referral
1859,35-49,NZ European,Govt Support,Female and Children,1 to 2,4,8,None,5/01/2025,No Referral
1860,50-64,Other,Personal/Private,Partners with Children,7 to 12,2,4,None,2/01/2025,No Referral
1861,35-49,Māori ,Govt Support,Single Male,3 to 6,7,14,Financial Mentoring,13/10/2024,Financial Mentoring
1862,35-49,Māori ,Govt Support,Single Female,3 to 6,2,4,None,17/03/2025,No Referral
1863,50-64,Pasifika,Govt Support,Single Female,3 to 6,2,4,Financial Mentoring,22/01/2025,Financial Mentoring
1864,19-34,NZ European,Govt Support,Female and Children,1 to 2,2,4,Financial Mentoring,23/02/2025,Financial Mentoring
1865,19-34,NZ European,Govt Support,Female and Children,1 to 2,2,4,None,19/11/2024,No Referral
1866,50-64,Pasifika,Govt Support,Single Female,3 to 6,6,12,Financial Mentoring,9/10/2024,Financial Mentoring
1867,35-49,NZ European,Govt Support,Female and Children,1 to 2,2,4,Financial Mentoring,17/02/2025,Financial Mentoring
1868,19-34,NZ European,Govt Support,Female and Children,1 to 2,4,8,Financial Mentoring,16/11/2024,Financial Mentoring
1869,35-49,Pasifika,Govt Support,Single Female,3 to 6,5,10,None,12/01/2025,No Referral
1870,35-49,NZ European,Govt Support,Single Male,3 to 6,2,4,None,12/03/2025,No Referral
1871,35-49,Māori ,Govt Support,Single Male,3 to 6,5,10,None,21/02/2025,No Referral
1872,50-64,Pasifika,Govt Support,Single Female,3 to 6,7,14,None,31/01/2025,No Referral
1873,50-64,East Asian,Govt Support,Partners with Children,3 to 6,3,6,None,29/01/2025,No Referral
1874,35-49,Māori ,Govt Support,Single Male,3 to 6,7,14,None,2/03/2025,No Referral
1875,19-34,NZ European,Govt Support,Female and Children,1 to 2,4,8,None,1/12/2024,No Referral
1876,50-64,East Asian,No Income,Partners with Children,7 to 12,10,20,Financial Mentoring,11/03/2025,Financial Mentoring
1877,19-34,NZ European,Govt Support,Female and Children,1 to 2,10,20,None,30/03/2025,No Referral
1878,50-64,East Asian,No Income,Partners with Children,7 to 12,8,16,Financial Mentoring,4/02/2025,Financial Mentoring
1879,50-64,East Asian,No Income,Partners with Children,7 to 12,10,20,Financial Mentoring,29/12/2024,Financial Mentoring
1880,19-34,NZ European,Govt Support,Female and Children,1 to 2,8,16,Financial Mentoring,29/01/2025,Financial Mentoring
1881,35-49,Māori ,Govt Support,Single Female,3 to 6,2,4,None,2/10/2024,No Referral
1882,35-49,Māori ,Govt Support,Single Male,3 to 6,10,20,None,15/03/2025,No Referral
1883,19-34,NZ European,Govt Support,Female and Children,1 to 2,10,20,None,18/11/2024,No Referral
1884,19-34,NZ European,Govt Support,Female and Children,1 to 2,9,18,None,2/10/2024,No Referral
1885,35-49,Māori ,Govt Support,Single Male,3 to 6,3,6,Financial Mentoring,14/11/2024,Financial Mentoring
1886,50-64,Other,Personal/Private,Partners with Children,7 to 12,10,20,None,9/03/2025,No Referral
1887,50-64,Pasifika,Govt Support,Single Female,3 to 6,7,14,Financial Mentoring,14/02/2025,Financial Mentoring
1888,35-49,Māori ,Govt Support,Single Male,3 to 6,10,20,None,26/03/2025,No Referral
1889,65+,Other,Personal/Private,Male and Children,7 to 12,3,6,None,1/10/2024,No Referral
1890,19-34,NZ European,Govt Support,Female and Children,1 to 2,2,4,None,4/03/2025,No Referral
